repo_id,full_name,description,created_at,updated_at,pushed_at,size,stargazers_count,watchers_count,forks_count,language,license_name,topics,latest_commit_at,age
1504670,splunk/splunk-sdk-python,Splunk Software Development Kit for Python,2011-03-20 23:20:06,2024-12-02 12:02:42,2024-10-30 09:52:34,71544,698,104.0,372,Python,Apache License 2.0,,2024-10-30 09:49:46,13.76
2913517,johan/world.geo.json,Annotated geo-json geometry files for the world,2011-12-05 01:16:20,2024-12-20 21:24:55,2017-01-29 09:49:17,2190,2091,99.0,1684,,Other,,2016-11-27 23:49:37,13.05
2471804,stripe/stripe-node,Node.js library for the Stripe API.    ,2011-09-28 00:28:33,2024-12-21 17:11:38,2024-12-19 10:57:47,17401,3925,83.0,758,TypeScript,MIT License,stripe,2024-12-19 00:47:44,13.23
52182499,nyorain/vpp,Modern C++ vulkan utility library.,2016-02-21 00:11:27,2024-06-13 08:28:13,2020-12-05 01:18:43,23415,262,22.0,6,C++,Boost Software License 1.0,vulkan|abstraction|lightweight,2020-12-05 01:18:38,8.84
13205083,pablosmedina/ckite,CKite - A JVM implementation of the Raft distributed consensus algorithm written in Scala,2013-09-30 03:16:55,2024-08-24 13:05:33,2019-01-08 02:51:09,536,213,16.0,27,Scala,Other,scala|raft-consensus-algorithm|raft-algorithm|finagle|mapdb|jvm,2019-01-08 02:51:08,11.23
17277700,Pana/nrm,"NPM registry manager, fast switch between different registries: npm, cnpm, nj, taobao",2014-02-28 06:41:32,2024-12-21 03:46:04,2024-12-17 02:25:27,596,2883,42.0,255,TypeScript,MIT License,registry-manager|npm|registries|nrm,2024-12-17 02:25:05,10.81
15085215,SAP/openui5,"OpenUI5 lets you build enterprise-ready web applications, responsive to all devices, running on almost any browser of your choice.",2013-12-10 18:11:33,2024-12-21 14:02:07,2024-12-21 14:02:03,1073128,2974,277.0,1240,JavaScript,Apache License 2.0,openui5|javascript|html|css|featured|open-source,2024-12-21 12:56:16,11.03
20502024,newrelic/centurion,A mass deployment tool for Docker fleets,2014-06-04 21:44:12,2024-12-20 04:34:39,2024-08-26 19:53:14,516,1756,72.0,113,Ruby,MIT License,,2020-05-22 16:44:25,10.55
20539166,BranchMetrics/ios-branch-deep-linking-attribution,"The Branch iOS SDK for deep linking and attribution. Branch helps mobile apps grow with deep links / deeplinks that power paid acquisition and re-engagement campaigns, referral programs, content sharing, deep linked emails, smart banners, custom user onboarding, and more.",2014-06-05 19:56:21,2024-12-19 19:22:38,2024-12-19 23:53:36,751082,730,106.0,230,Objective-C,MIT License,,2024-12-19 19:22:34,10.55
20772066,salsify/goldiloader,Just the right amount of Rails eager loading,2014-06-12 15:13:26,2024-12-19 04:15:26,2024-11-08 21:15:24,297,1614,65.0,53,Ruby,MIT License,eager-loading|ruby-on-rails|activerecord|performance|hacktoberfest|gem,2024-11-08 21:14:43,10.53
97042877,John-Connolly/SwiftQ,Distributed Task Queue ,2017-07-12 19:02:40,2023-10-11 22:18:01,2019-02-04 16:11:53,197,257,10.0,9,Swift,MIT License,swift|server-side-swift,2017-10-22 21:33:31,7.44
81975372,kdn251/interviews,Everything you need to know to get the job.,2017-02-14 18:19:25,2024-12-21 22:43:24,2024-05-13 08:48:36,24091,63741,2604.0,12908,Java,MIT License,java|interview|interview-questions|interview-practice|interview-preparation|interview-prep|algorithm|algorithm-challenges|algorithms|algorithm-competitions|technical-coding-interview|leetcode|leetcode-solutions|leetcode-java|coding-interviews|coding-interview|coding-challenge|coding-challenges|leetcode-questions|interviews,2020-06-06 02:37:07,7.85
24494032,mysql/mysql-server,"MySQL Server, the world's most popular open source database, and MySQL Cluster, a real-time, open source transactional database.",2014-09-26 09:31:03,2024-12-21 12:13:01,2024-10-16 17:59:02,4570646,10977,563.0,3926,C++,Other,,2024-09-24 11:34:54,10.24
31673858,h2non/imaginary,"Fast, simple, scalable, Docker-ready HTTP microservice for high-level image processing",2015-03-04 18:51:40,2024-12-21 07:15:40,2024-10-08 17:53:28,18533,5704,76.0,461,Go,MIT License,image|image-processing|resize-images|libvips|crop-image|microservice|docker|watermark|jpeg|png|webp|gif,2024-10-08 17:53:28,9.8
231591880,quintoandar/butterfree,A tool for building feature stores.,2020-01-03 13:12:04,2024-12-06 13:21:28,2024-12-05 15:10:35,1272,287,187.0,36,Python,Apache License 2.0,python|package|data-engineering|etl-framework|etl|feature-store|data-science|pyspark,2024-10-18 12:50:16,4.97
155220641,huggingface/transformers,"🤗 Transformers: State-of-the-art Machine Learning for Pytorch, TensorFlow, and JAX.",2018-10-29 13:56:00,2024-12-21 23:17:29,2024-12-21 08:51:09,259460,136581,1122.0,27346,Python,Apache License 2.0,nlp|natural-language-processing|pytorch|language-model|tensorflow|bert|language-models|pytorch-transformers|nlp-library|transformer|model-hub|pretrained-models|jax|flax|seq2seq|speech-recognition|hacktoberfest|python|machine-learning|deep-learning,2024-12-21 08:51:09,6.15
40864971,Gabriella439/post-rfc,Blog post previews in need of peer review,2015-08-17 04:56:54,2024-12-12 15:27:12,2023-07-19 15:50:51,480,2200,136.0,169,,Creative Commons Attribution 4.0 International,,2023-07-19 15:50:51,9.35
38812664,zalando/skipper,"An HTTP router and reverse proxy for service composition, including use cases like Kubernetes Ingress",2015-07-09 09:54:40,2024-12-19 17:04:06,2024-12-19 17:11:35,15388,3127,70.0,351,Go,Other,proxy|router|eskip|mosaic|skipper|http-proxy|etcd|go|kubernetes-ingress|kubernetes|kubernetes-controller|cloud|ingress-controller,2024-12-19 17:04:01,9.46
51855345,itsabot/itsabot,"ItsAbot makes it easy and fun to build your own digital assistant, and we include everything you need to get started.",2016-02-16 17:41:51,2024-11-20 05:02:29,2016-11-04 18:27:26,20407,2153,84.0,129,Go,MIT License,,2016-11-04 18:27:26,8.85
675282997,xverse-ai/XVERSE-13B,XVERSE-13B: A multilingual large language model developed by XVERSE Technology Inc.,2023-08-06 12:08:00,2024-12-07 19:57:53,2024-04-09 07:52:30,982,648,18.0,59,Python,Apache License 2.0,,2024-04-09 07:52:30,1.38
48161806,ScienJus/smartqq,SmartQQ（WebQQ）的Api ，你可以用它实现自己的QQ 机器人 a qq robot based on smartqq (webqq) api,2015-12-17 08:24:10,2024-12-17 09:29:17,2018-01-20 13:01:36,284,1139,101.0,344,Java,,,2017-11-17 01:25:11,9.01
681254219,stytchauth/sqx,sqx is a convenient library for db interactions in go,2023-08-21 15:54:06,2024-11-24 10:37:36,2024-09-18 22:22:12,85,120,5.0,2,Go,MIT License,,2024-09-18 22:22:11,1.34
62123604,stepstone-tech/android-material-stepper,This library allows to use Material steppers inside Android applications.,2016-06-28 08:27:15,2024-12-10 11:19:27,2020-01-19 17:05:47,47712,1783,56.0,263,Java,Apache License 2.0,,2017-10-05 06:33:37,8.48
2996995,restlet/restlet-framework-java,The first REST API framework for Java,2011-12-16 19:04:58,2024-12-20 21:32:47,2024-12-20 22:20:21,640016,654,76.0,284,Java,Other,rest-api|framework|java|restlet,2024-12-20 21:32:40,13.02
2339725,migurski/HighRoad,The last OpenStreetMap road query you will ever need.,2011-09-07 05:56:39,2024-09-02 03:57:41,2015-11-13 16:30:21,29277,246,13.0,30,CartoCSS,,,2015-11-13 16:30:21,13.29
4925652,robfig/cron,a cron library for go,2012-07-06 14:06:34,2024-12-21 18:27:25,2024-07-08 01:21:14,180,13205,205.0,1632,Go,MIT License,,2021-01-06 13:50:23,12.46
5152285,square/okhttp,"Square’s meticulous HTTP client for the JVM, Android, and GraalVM.",2012-07-23 13:42:55,2024-12-21 16:27:05,2024-12-21 08:56:30,55015,45997,1621.0,9171,Kotlin,Apache License 2.0,java|android|kotlin|graalvm,2024-12-21 08:56:29,12.41
413972178,canimus/cuallee,Possibly the fastest DataFrame-agnostic quality check library in town.,2021-10-05 20:38:45,2024-12-14 09:13:07,2024-12-14 09:36:38,2139,177,9.0,21,Python,Apache License 2.0,bigdata|performance-metrics|pyspark|python3|unit-testing|pydeequ|pandas|snowpark|dataquality|data-quality|data-quality-checks,2024-12-14 09:12:47,3.21
88897663,Shopify/polaris,Shopify’s design system to help us work together to build a great experience for all of our merchants.,2017-04-20 18:26:34,2024-12-21 11:36:51,2024-12-20 22:02:11,276592,5837,510.0,1182,TypeScript,Other,shopify-polaris|react|typescript|design-system|component-library|design-systems|design-tokens|figma-plugin|icons|vscode-extension,2024-12-19 07:47:00,7.67
54006354,oferh/ng2-completer,Angular 2 autocomplete component,2016-03-16 06:23:56,2024-11-07 05:53:35,2020-08-28 14:05:27,55938,347,26.0,172,TypeScript,MIT License,,2020-04-09 02:50:36,8.77
108653285,lyndsey-ferguson/fastlane-plugin-test_center,🎯 The best fastlane plugin to understand and tame misbehaving iOS tests 🎉,2017-10-28 13:53:52,2024-05-31 04:52:33,2022-10-31 15:51:33,96190,285,18.0,66,Ruby,MIT License,fragile-tests|ios|xcuitest|junit|fastlane|testing|testing-tool|xcode|mac,2022-08-18 12:17:26,7.15
34422016,lpil/mix-test.watch,🎠   Because TDD is awesome,2015-04-22 23:35:00,2024-12-17 18:59:52,2024-05-10 23:22:14,138,921,17.0,77,Elixir,Other,tdd|testing,2024-03-05 17:50:35,9.67
133300494,Creditas/kotlin-ddd-sample,A sample DDD/CQRS project using KOTLIN :beer:,2018-05-14 03:31:29,2024-11-06 12:12:17,2020-08-06 17:19:47,339,292,159.0,51,Kotlin,,kotlin|ddd|cqrs|axonframework,2019-07-26 16:48:43,6.61
9219732,braintree/braintree_ios,Braintree SDK for iOS,2013-04-04 14:15:59,2024-12-11 20:27:53,2024-12-20 20:39:38,379888,564,103.0,295,Swift,MIT License,braintree-sdk|objective-c|braintree-ios-sdk|paypal,2024-12-11 20:27:47,11.72
171154877,praveen001/go-rtmp-web-server,"A RTMP Restreaming server written in Golang - Youtube, Twitch, Custom RTMP Server. Supports HLS Preview",2019-02-17 18:10:18,2024-11-16 06:48:03,2022-12-10 21:07:13,1229,119,6.0,27,TypeScript,,rtmp|golang|restream,2021-09-04 15:09:37,5.84
225423507,samsinai/FLEXS,Fitness landscape exploration sandbox for biological sequence design.,2019-12-02 16:46:30,2024-11-13 00:37:22,2023-02-16 02:24:08,182445,156,9.0,21,Jupyter Notebook,Apache License 2.0,machine-learning|benchmarking|protein-design|deep-learning|deep-reinforcement-learning|computational-biology|bayesian-optimization,2022-05-01 19:57:44,5.06
140159746,johnnovak/illwill,A curses inspired simple cross-platform console library for Nim,2018-07-08 10:55:36,2024-11-02 13:25:15,2024-05-05 05:03:31,1091,407,17.0,25,Nim,Do What The F*ck You Want To Public License,gui|nim|nim-lang|terminal|tui,2024-05-05 05:03:09,6.46
124536178,ARM-software/armnn,Arm NN ML Software. The code here is a read-only mirror of https://review.mlplatform.org/admin/repos/ml/armnn,2018-03-09 12:11:48,2024-12-20 13:06:20,2024-12-13 17:27:13,428196,1205,90.0,315,C++,MIT License,machine-learning|neural-network|neural-networks,2024-11-14 12:10:24,6.79
2616595,shutterstock/rickshaw, JavaScript toolkit for creating interactive real-time graphs,2011-10-20 22:02:37,2024-12-15 19:48:51,2024-11-26 22:44:33,2259,6535,217.0,938,JavaScript,MIT License,rickshaw|graph|javascript|d3|svg|charts,2024-11-26 22:44:33,13.17
59788564,groveco/content-engine,"A very simple content-based recommendation engine. Great for learning, but also ready for real-world use.",2016-05-26 23:00:36,2024-11-21 10:37:01,2021-01-11 08:46:23,145,535,40.0,164,Python,,,2020-09-02 12:25:31,8.57
15257213,ldcsaa/HP-Socket,High Performance TCP/UDP/HTTP Communication Component,2013-12-17 14:53:52,2024-12-20 08:44:07,2024-10-28 19:03:19,412504,5760,512.0,1763,C,Other,hpsocket|socket|tcp|udp|http|ssl|c|cpp|netcore|windows|linux|network|networking|iocp|epoll|ndk|cross-platform|https|android|websocket,2024-09-22 21:59:27,11.01
64384213,tomtom-international/cpp-dependencies,Tool to check C++ #include dependencies (dependency graphs created in .dot format),2016-07-28 09:55:01,2024-12-17 05:54:26,2023-10-02 18:36:13,275,748,41.0,85,C++,Apache License 2.0,,2023-10-02 18:36:13,8.4
145653898,iReaderAndroid/X2C,Increase layout loading speed 200% ,2018-08-22 03:58:59,2024-12-19 13:27:31,2021-01-08 09:47:18,626,2568,54.0,254,Java,,,2021-01-07 08:02:11,6.34
66758410,MinhasKamal/CreepyCodeCollection,A Nonsense Collection of Disgusting Codes,2016-08-28 08:43:19,2024-12-14 18:24:13,2024-05-02 10:12:21,99,2359,100.0,135,C,,quine|polyglot|code-golf|obfuscated|signature|creepy-codes|mandelbrot|esoteric-language|esoteric|golf|programming-language|programming|golfing,2019-01-04 14:21:02,8.32
137724480,hasura/graphql-engine,"Blazing fast, instant realtime GraphQL APIs on your DB with fine grained access control, also trigger webhooks on database events.",2018-06-18 07:57:36,2024-12-21 20:02:39,2024-12-20 14:59:37,5154300,31247,326.0,2784,TypeScript,Apache License 2.0,graphql|graphql-server|postgres|hasura|access-control|automatic-api|api|rest-api|graphql-api|sql-server|bigquery|haskell|mongodb|subgraph|supergraph,2024-12-20 14:59:35,6.51
160125469,mercyblitz/tech-weekly,「小马哥技术周报」,2018-12-03 03:10:52,2024-12-19 07:54:47,2024-04-04 04:44:58,19489,3951,356.0,711,Java,Apache License 2.0,mercyblitz|java|live-stream|douyu|spring-cloud-alibaba|dubbo|microservice,2024-04-04 04:44:58,6.05
3024213,cowboy/dotfiles,My Ubuntu / OS X dotfiles.,2011-12-21 02:46:35,2024-12-19 05:49:48,2021-09-17 03:43:02,11201,1573,54.0,494,Shell,MIT License,,2020-10-07 13:28:43,13.0
74623914,sifive/freedom,Source files for SiFive's Freedom platforms,2016-11-24 00:15:55,2024-12-17 19:59:17,2021-07-17 06:21:29,214,1113,189.0,286,Scala,Apache License 2.0,,2021-03-01 21:43:02,8.08
75443555,levyitay/AddSecurityExceptionAndroid,,2016-12-03 01:17:46,2024-12-17 09:29:25,2024-05-08 06:02:08,73198,688,16.0,121,Shell,Apache License 2.0,,2024-05-08 06:02:08,8.05
178012534,GettEngineering/Prism,Gett's Design System code generator. Use Zeplin Styleguides as your R&D's Single Source of Truth.,2019-03-27 14:34:37,2024-05-26 14:29:29,2022-02-21 09:27:52,12649,361,17.0,21,Swift,MIT License,design-system|swift|codegen|zeplin|design-tools|tooling|design|design-systems|design-system-manager|designops|hacktoberfest,2022-02-21 09:27:47,5.74
77179634,NetApp/trident,Storage orchestrator for containers,2016-12-22 22:20:58,2024-12-20 19:06:01,2024-12-20 03:55:57,52630,766,82.0,222,Go,Apache License 2.0,netapp-public,2024-12-19 23:58:03,8.0
9638490,greggilbert/recaptcha,[ABANDONED] reCAPTCHA Validator for Laravel 5,2013-04-24 03:12:49,2024-10-17 03:27:11,2020-08-10 21:24:30,77,713,29.0,197,PHP,MIT License,,2019-09-06 02:09:37,11.66
22476270,TheClimateCorporation/mandoline,"A distributed, versioned, multi-dimensional array database",2014-07-31 16:20:58,2024-08-10 22:34:04,2017-07-26 21:32:10,99,105,69.0,17,Clojure,Other,,2017-07-26 21:32:09,10.39
240971104,AleoNet/snarkOS,A Decentralized Operating System for ZK Applications,2020-02-16 21:46:21,2024-12-20 23:40:31,2024-12-17 15:53:31,662408,4385,112.0,2644,Rust,Apache License 2.0,aleo|blockchain|cryptography|zero-knowledge|zksnarks|rust,2024-12-12 14:26:14,4.85
452735396,remoteoss/react-url-modal,A React library to help you keep track of your modal state using the URL,2022-01-27 15:24:17,2024-10-19 12:53:16,2023-09-23 16:14:36,925,128,3.0,6,TypeScript,MIT License,react,2023-09-22 12:34:51,2.9
108086514,TuSimple/mx-maskrcnn,An MXNet implementation of Mask R-CNN,2017-10-24 06:32:28,2024-09-20 18:54:12,2018-02-28 02:51:13,2111,1755,99.0,549,Python,Apache License 2.0,,2018-02-28 02:51:12,7.16
3114742,sendgrid/sendgrid-nodejs,"The Official Twilio SendGrid Led, Community Driven Node.js API Library",2012-01-06 01:06:59,2024-12-08 20:05:53,2024-11-07 21:36:42,2431,3004,238.0,780,JavaScript,MIT License,javascript|sendgrid|nodejs|email|transactional-emails,2024-10-17 13:43:08,12.96
15351385,shimat/opencvsharp,OpenCV wrapper for .NET,2013-12-21 00:27:48,2024-12-21 03:48:57,2024-12-09 03:02:44,72388,5464,228.0,1157,C#,Apache License 2.0,opencv|wrapper|dotnet|nuget|opencvsharp|image-processing|machine-learning|computer-vision|dotnetstandard|nuget-packages|native-bindings|dotnetcore6,2024-12-09 03:02:42,11.0
51425665,chargebee/customer-portal-php,Opensource - PHP Customer Portal,2016-02-10 06:54:29,2024-10-15 00:55:24,2017-04-04 08:05:27,330,72,52.0,37,PHP,MIT License,,2017-04-04 08:02:03,8.86
43631484,bojan/xcode-one-dark,Atom One Dark theme for Xcode,2015-10-04 09:37:11,2024-11-20 03:34:52,2019-04-02 13:49:11,4840,380,6.0,39,,Apache License 2.0,xcode|theme|ios|macos|cocoa|cocoa-touch|ide|dark-theme|color-scheme|color-theme|color|xcode-color-theme|swift|objective-c|mac|carthage|cocoapods|swift-language,2019-04-02 13:49:03,9.22
716778600,LayerZero-Labs/devtools,LayerZero Developer Utilities,2023-11-09 21:19:18,2024-12-20 19:01:19,2024-12-20 19:01:16,380485,107,14.0,169,TypeScript,,,2024-12-20 19:01:14,1.12
332114633,yitu-opensource/T2T-ViT,"ICCV2021, Tokens-to-Token ViT: Training Vision Transformers from Scratch on ImageNet",2021-01-23 02:59:09,2024-12-20 02:53:21,2023-10-27 19:00:24,15875,1163,18.0,176,Jupyter Notebook,Other,vision-transformer|t2t-transformer|vit,2022-06-09 07:29:23,3.91
99429941,GoshPosh/grafana-meta-queries,"Grafana plugin for calculating time period metrics like week over week, month over month and year over year etc.",2017-08-05 15:06:45,2024-11-16 08:13:11,2024-06-27 08:15:15,2927,284,27.0,71,JavaScript,Apache License 2.0,,2024-06-27 08:07:55,7.38
31659561,hzlmn/haskell-must-watch,"Huge list of  videos, talks, courses for Haskell programming language.",2015-03-04 13:56:54,2024-12-20 03:19:45,2017-10-17 13:24:26,14,1129,82.0,59,Haskell,MIT License,haskell|videos|awesome,2017-10-17 13:19:41,9.8
595956327,woowabros/nestjs-library-crud,Automatically generate CRUD Rest API based on NestJS and TypeOrm,2023-02-01 06:40:49,2024-12-20 02:50:06,2024-12-16 19:57:13,3012,198,6.0,38,TypeScript,MIT License,crud|nestjs|restful-api|typeorm|typescript|crud-generator|nest|pagination|decorator|swagger,2024-09-23 07:34:30,1.89
130831535,tokopedia/gripmock,gRPC Mock Server,2018-04-24 09:41:50,2024-11-25 19:21:41,2024-08-13 05:20:27,258,663,197.0,158,Go,Apache License 2.0,grpc|mock|mockserver,2024-08-13 05:20:27,6.66
854347601,XiaoMi/ha_xiaomi_home,Xiaomi Home Integration for Home Assistant,2024-09-09 02:14:48,2024-12-22 00:56:54,2024-12-21 03:42:53,348,13725,63.0,584,Python,Other,home-assistant-integration|miot-devices|home-assistant|miot|xiaomi-smart-home|xiaomi|smart-home,2024-12-21 03:41:24,0.28
308148956,loggi/loggibud,"Real-world benchmarks for urban delivery problems, including vehicle routing and facility location problems.",2020-10-28 21:48:40,2024-12-06 09:39:05,2023-09-05 15:37:03,35365,182,162.0,31,Python,MIT License,,2023-09-05 15:36:55,4.15
1314319,instructure/canvas-lms,"The open LMS by Instructure, Inc.",2011-02-01 00:08:40,2024-12-21 21:57:04,2024-12-21 21:22:37,1740767,5742,288.0,2539,Ruby,GNU Affero General Public License v3.0,instructure|canvas-lms|gerrit-mirror,2024-12-21 21:21:08,13.89
180890168,linear/linear,"Tools, SDK's and plugins for Linear",2019-04-11 22:54:14,2024-12-20 18:41:43,2024-12-22 00:32:59,12309,821,20.0,157,TypeScript,MIT License,,2024-12-20 18:41:38,5.7
453047684,gennaro-tedesco/gh-s,🔎 search github repositories interactively,2022-01-28 11:48:01,2024-12-08 12:06:22,2023-07-08 06:29:54,2212,345,4.0,9,Go,Apache License 2.0,gh-extension|go|command-line,2023-04-05 08:36:27,2.9
213751251,syxanash/awesome-web-desktops,"Websites, web apps, portfolios which look like desktop operating systems",2019-10-08 20:49:41,2024-12-21 14:57:34,2024-12-21 11:23:52,2521,1443,27.0,101,,Creative Commons Zero v1.0 Universal,awesome|list|webdesign|design|directory|awesome-list|web-desktop|webtop|desktop|retro|windows98|web-os|cloud-os|classic-mac-os|windows-xp,2024-12-21 11:23:50,5.21
61431113,atlanhq/camelot,Camelot: PDF Table Extraction for Humans,2016-06-18 11:48:49,2024-12-19 10:57:06,2023-01-05 15:25:42,16826,3675,81.0,361,Python,Other,pdf|table|extract|for-humans,2019-10-15 05:25:40,8.51
49020650,amitassaraf/lang,Module for enforcing language constraints in Python,2016-01-04 20:18:49,2023-08-12 16:59:21,2023-01-12 09:06:42,29,70,5.0,2,Python,,,2023-01-12 09:06:42,8.96
75018970,eBardX/XestiMonitors,An extensible monitoring framework written in Swift,2016-11-28 22:14:38,2024-05-31 08:16:35,2022-07-06 20:09:52,19840,272,8.0,16,Swift,MIT License,ios|swift|cocoapod|monitoring|extensible|framework|tvos|watchos|macos,2018-11-03 20:05:18,8.06
60831076,stackia/best-windows-apps,推荐好用、优秀的 Windows 应用,2016-06-10 07:30:03,2024-12-22 00:20:46,2024-10-29 09:51:21,76,2430,55.0,180,,,,2024-10-29 09:51:21,8.53
26194399,cloudflare-apps/smart-underline,Readable and beautiful underlines for every website.,2014-11-04 23:56:09,2024-10-13 20:59:29,2021-04-29 05:32:41,1500,733,27.0,30,JavaScript,MIT License,,2021-04-29 05:32:41,10.13
733142262,tsaridas/stremio-docker,Docker files for easy stremio server and client. Images pushed to Dockerhub,2023-12-18 16:50:59,2024-12-21 01:27:43,2024-12-18 04:24:45,1191,109,3.0,12,Dockerfile,MIT License,docker|docker-compose|docker-image|dockerfile|stremio|stremio-client|stremio-server|stremio-webplayer|easy|easy-to-use,2024-12-17 19:07:29,1.01
156735780,tophat/RichTextView,"iOS Text View (UIView) that Properly Displays LaTeX, HTML, Markdown, and YouTube/Vimeo Links",2018-11-08 16:25:21,2024-12-01 08:15:10,2023-04-18 13:48:50,3182,1155,23.0,74,Swift,Apache License 2.0,richtextview|ios-swift|opensource|latex|html|markdown|youtube|vimeo,2023-04-18 13:48:50,6.12
105944401,yugabyte/yugabyte-db,YugabyteDB - the cloud native distributed SQL database for mission-critical applications.,2017-10-05 21:56:00,2024-12-21 18:15:05,2024-12-21 10:32:14,778071,9106,245.0,1089,C,Other,distributed-database|database|cpp|high-performance|cloud-native|scale-out|sql|multi-region|multi-cloud|kubernetes|distributed-sql|distributed-sql-database,2024-12-21 05:55:09,7.21
200298728,PandoraMedia/BottomNavigator,Android Bottom Navigation multiple stack manager,2019-08-02 21:15:45,2024-10-15 08:44:17,2021-05-05 08:14:09,273,305,17.0,22,Kotlin,Apache License 2.0,android|android-library|kotlin|kotlin-library,2020-10-13 00:35:37,5.39
318173786,gonzalezreal/swift-markdown-ui,Display and customize Markdown text in SwiftUI,2020-12-03 11:39:17,2024-12-21 13:20:18,2024-12-13 16:08:10,30488,2692,23.0,337,Swift,MIT License,swiftui|swift|markdown|cmark|commonmark|github-markdown,2024-10-15 12:41:31,4.05
323867644,hakanyalcinkaya/kodluyoruz-frontend-101-egitimi,Kodluyoruz için Hazırladığım Video Eğitim Seti Repo'sudur. Tüm Eğitimlerime: https://linktr.ee/hakanyalcinkaya adresinden ulaşabilirsiniz.,2020-12-23 10:08:51,2024-12-21 20:58:19,2024-08-09 12:18:40,2644,10561,73.0,4080,JavaScript,,css|html|javascript|markdown|github|git|vscode,2023-05-22 12:36:48,4.0
1052671,icy/pacapt,An ArchLinux's pacman-like shell wrapper for many package managers. 56KB and run anywhere.,2010-11-04 23:01:00,2024-12-19 23:28:53,2022-01-21 16:38:51,940,961,30.0,69,Shell,Other,linux|archlinux|package-manager|bash|sysadmin,2022-01-21 16:38:50,14.13
129790027,AlaaAttya/software-architect-roadmap,Software architect roadmap,2018-04-16 18:45:20,2024-12-05 16:16:14,2020-03-05 14:25:02,1952,1054,43.0,162,,,architecture|roadmap|architect|skills|solutions-architect|enterprise-architect|application-architect|software-engineering,2018-04-21 12:46:30,6.68
73902337,vmware-archive/kubeless,Kubernetes Native Serverless Framework,2016-11-16 09:03:03,2024-12-19 11:10:59,2021-12-15 09:33:43,84267,6870,169.0,752,Go,Apache License 2.0,kubernetes|serverless|golang|serverless-architectures|function-as-a-service|kubeless|faas,2021-12-15 09:33:43,8.1
73909333,peak/s5cmd,Parallel S3 and local filesystem execution tool.,2016-11-16 10:31:15,2024-12-20 11:09:53,2024-12-16 15:29:08,26820,2764,33.0,248,Go,MIT License,s3|cli|aws|s5cmd|go|storage|filesystem,2024-12-16 15:25:43,8.1
208394975,muxinc/media-chrome,Custom elements (web components) for making audio and video player controls that look great in your website or app.,2019-09-14 05:42:29,2024-12-21 21:23:37,2024-12-12 21:54:46,70592,1920,27.0,83,TypeScript,MIT License,video|audio|video-player|audio-player|web-components|ui-components|mux|media-chrome,2024-12-12 21:54:46,5.27
361414885,GeekQiaQia/vue3.0-template-admin,本项目基于vue3+ElementPlus+Typescript+Vite搭建一套通用的后台管理模板；并基于常见业务场景，抽象出常见功能组件；包括动态菜单，菜单权限、登录、主题切换、国际化、个人中心、表单页、列表页、复制文本、二维码分享等等,2021-04-25 11:53:28,2024-12-21 08:52:31,2023-11-06 06:24:27,142214,1267,21.0,354,Vue,MIT License,vue3-typescript|vue3|element-plus|vue-next|vite|vite2|vscode|vscode-command-palette|volar|vetur|vue-next-admin|typescript|vue|element-ui|vue-admin,2022-11-20 07:52:21,3.66
605167283,eleme/morjs,基于小程序 DSL（微信、支付宝）的，可扩展的多端研发框架，支持一键将微信或支付宝小程序转换为微信、支付宝、百度、字节、QQ、快手、淘宝、钉钉等小程序 或 Web 应用。,2023-02-22 15:34:16,2024-12-19 06:07:27,2024-12-20 06:58:45,9964,1780,29.0,114,TypeScript,MIT License,,2024-08-15 01:35:19,1.83
19954431,lucidsoftware/relate,Performant database access in Scala,2014-05-19 19:18:32,2024-11-20 15:58:04,2024-11-20 16:14:07,1048,161,44.0,15,Scala,Apache License 2.0,,2024-11-20 15:57:59,10.59
215252215,DevoInc/pCraft,"pCraft is a PCAP Crafter, which creates a PCAP from an AMI scenario.",2019-10-15 08:53:56,2024-04-10 05:04:17,2024-04-11 09:59:16,16945,88,15.0,13,C,MIT License,,2024-04-11 09:59:15,5.19
519979115,grafana/grafana-ansible-collection,grafana.grafana Ansible collection provides modules and roles for managing various resources on Grafana Cloud and roles to manage and deploy Grafana Agent and Grafana,2022-08-01 05:45:40,2024-12-20 10:37:13,2024-12-20 10:37:08,8419,145,15.0,91,Python,GNU General Public License v3.0,ansible|grafana|infrastructure-as-code|ansible-collection|monitoring|observability|ansible-galaxy|ansible-role|development|devops|molecule|opentelemetry|opentelemetry-collector|python|scaling|yarn,2024-12-20 10:37:08,2.39
521378029,Modern-Treasury/modern-treasury-python,Python library for the Modern Treasury API,2022-08-04 18:40:26,2024-12-06 08:33:19,2024-12-04 02:17:06,6649,39,5.0,2,Python,MIT License,,2024-12-02 14:24:25,2.38
560840514,pmizio/typescript-tools.nvim,⚡ TypeScript integration NeoVim deserves ⚡,2022-11-02 11:42:56,2024-12-21 17:07:01,2024-12-04 07:12:08,294,1586,15.0,45,Lua,MIT License,,2024-12-04 07:12:07,2.14
280703755,bontaq/textdb,"The whole shaboodle for textdb, a simple data sharing service",2020-07-18 17:17:13,2024-10-19 15:32:52,2023-01-06 12:25:19,700,316,6.0,15,Elixir,,,2021-04-18 12:56:14,4.43
121292705,spotify/ios-sdk,Spotify SDK for iOS,2018-02-12 19:38:32,2024-12-18 20:08:51,2024-10-03 13:49:00,47135,667,58.0,188,Objective-C,,spotify|ios|spotify-sdk,2024-10-03 13:46:13,6.86
580325232,CymulateResearch/Blindside,Utilizing hardware breakpoints to evade monitoring by Endpoint Detection and Response platforms ,2022-12-20 09:31:24,2024-12-10 15:41:49,2022-12-20 09:53:56,1043,113,4.0,17,C++,GNU General Public License v3.0,,2022-12-20 09:53:56,2.01
88395009,Flipkart/recyclerlistview,High performance listview for React Native and web!,2017-04-16 06:14:33,2024-12-19 09:57:56,2024-07-15 20:27:41,4875,5272,65.0,428,TypeScript,Apache License 2.0,react-native|recyclerview|listview|flatlist-alternative|60fps|cross-platform|web|react-native-web|performance,2024-06-17 08:47:52,7.68
40996832,jfrog/jfrog-cli,JFrog CLI is a client that provides a simple interface that automates access to the JFrog products.,2015-08-18 20:49:18,2024-12-16 12:18:28,2024-12-12 00:40:05,58673,540,61.0,237,Go,Apache License 2.0,,2024-11-29 16:02:50,9.34
673830016,fireblocks/mpc-lib,,2023-08-02 14:15:30,2024-12-21 08:26:48,2024-12-05 15:16:43,528,178,14.0,112,C++,GNU General Public License v3.0,,2024-12-05 09:09:43,1.39
794632,karthick18/inception,Inception movie explained programmatically,2010-07-24 04:30:11,2024-06-08 20:20:34,2023-06-21 12:31:45,159,783,12.0,49,C,,,2010-08-22 20:52:50,14.41
69400040,tableau/TabPy,Execute Python code on the fly and display results in Tableau visualizations:,2016-09-27 21:26:03,2024-12-20 11:51:09,2024-11-25 22:35:45,1911,1580,103.0,601,Python,MIT License,tabpy|tableau|tabpy-tutorial|startup|python|analytical-models,2024-11-25 22:31:52,8.23
1147463,rstudio/rstudio,RStudio is an integrated development environment (IDE) for R,2010-12-07 19:10:25,2024-12-21 18:38:12,2024-12-21 18:38:08,978030,4715,240.0,1102,Java,Other,,2024-12-21 18:37:43,14.04
92931419,WuFengXue/android-reverse,安卓逆向工具汇总 / Awsome Android Reverse Tools,2017-05-31 09:50:44,2024-12-21 13:35:02,2023-04-04 09:40:26,29,1390,36.0,200,,,,2023-04-04 09:40:26,7.56
106244031,shiqitao/NowCoder-Solutions,牛客网企业编程真题代码,2017-10-09 06:21:49,2024-06-25 17:35:01,2018-04-04 16:04:21,51,116,7.0,43,C++,,nowcoder|algorithm,2018-04-04 16:02:59,7.2
81823942,titilambert/pyhydroquebec,DEPRECATED - Get your consumption data from your HydroQuebec account (www.hydroquebec.com),2017-02-13 12:41:41,2024-02-23 18:18:01,2022-09-02 01:31:52,110,95,30.0,45,Python,Apache License 2.0,,2022-09-02 01:31:52,7.85
108035205,RevenueCat/purchases-ios,"In-app purchases and subscriptions made easy. Support for iOS, watchOS, tvOS, macOS, and visionOS.",2017-10-23 20:23:47,2024-12-20 18:30:51,2024-12-21 11:21:06,28754,2400,30.0,326,Swift,MIT License,swift|objective-c|swiftui|iap|ios|apple|storekit|storekit-wrapper|storekit2|hacktoberfest|visionos,2024-12-20 18:30:47,7.16
110076861,baidu/DuReader,Baseline Systems of DuReader Dataset,2017-11-09 06:32:38,2024-11-24 23:44:32,2022-05-26 09:30:46,6736,1137,49.0,308,Python,,,2022-05-26 09:30:46,7.12
293477,pangloss/vim-javascript,Vastly improved Javascript indentation and syntax support in Vim.,2009-08-31 17:55:37,2024-12-20 15:25:28,2024-05-28 09:30:42,909,3793,48.0,358,Vim Script,,,2022-08-15 08:08:39,15.31
669193279,zknill/sqledge,Replicate postgres to SQLite on the edge,2023-07-21 15:13:02,2024-12-21 20:06:17,2024-06-17 10:09:56,295,1010,7.0,20,Go,,,2023-08-09 15:53:53,1.42
115604958,sid88in/serverless-appsync-plugin,serverless plugin for appsync,2017-12-28 09:00:02,2024-12-18 16:17:33,2024-10-17 06:43:39,2907,952,20.0,189,TypeScript,MIT License,serverless-plugin|elasticsearch|lambda|graphql|aws-appsync|dynamodb|serverless-applications|serverless-framework,2024-10-17 06:42:59,6.98
29561741,opencomponents/oc,"OpenComponents, serverless in the front-end world for painless micro-frontends delivery",2015-01-20 23:56:08,2024-12-17 16:42:35,2024-12-19 05:11:02,7488,1433,63.0,122,JavaScript,MIT License,opencomponents|serverless|components|ui-composition|microfrontends|continuous-delivery,2024-10-09 09:46:43,9.92
193885464,woltapp/blurhash,A very compact representation of a placeholder for an image.,2019-06-26 10:45:33,2024-12-22 00:15:36,2024-07-08 22:23:42,12283,15946,71.0,365,C,MIT License,,2024-05-21 11:49:45,5.49
6833467,kgaughan/memoize.py,"Bill McCloskey's memoize.py, grabbed with archive.org from http://www.eecs.berkeley.edu/~billm/memoize.html",2012-11-23 21:42:03,2024-09-10 19:58:38,2022-11-21 14:43:28,17,116,12.0,7,Python,,,2016-03-03 15:02:47,12.08
56964650,Ourpalm/ILRuntime,"Pure C# IL Intepreter Runtime, which is fast and reliable for scripting requirement on enviorments, where jitting isn't possible. ",2016-04-24 09:50:47,2024-12-17 02:11:58,2024-10-21 07:40:01,39477,3004,188.0,658,C#,Other,,2024-10-21 07:39:57,8.66
101161310,idealista/prom2teams,prom2teams is an HTTP server built with Python that receives alert notifications from a previously configured Prometheus Alertmanager instance and forwards it to Microsoft Teams using defined connectors,2017-08-23 09:12:49,2024-11-27 09:51:31,2024-09-24 17:12:49,705,275,30.0,89,Python,Apache License 2.0,prometheus|webhook|microsoft-teams|alerting|prom2teams|prometheus-alertmanager|monitoring|docker|devops|alertmanager|prometheus-monitoring|prometheus-alerts|docker-image|kubernetes|helm-chart,2024-09-24 15:41:16,7.33
112103110,hgraca/explicit-architecture-php,"This repository is a demo of Explicit Architecture, using the Symfony Demo Application.",2017-11-26 17:38:39,2024-12-18 09:55:21,2021-06-15 15:42:28,8473,701,45.0,103,PHP,MIT License,architecture|explicit-architecture|symfony|demo,2020-03-09 21:18:30,7.07
1997785,bryanwoods/autolink-js,Tiny little tool to find URLs in a string of text and hyperlink them,2011-07-04 22:47:29,2024-11-01 13:07:28,2016-07-05 19:05:09,77,288,12.0,55,JavaScript,MIT License,,2016-07-05 19:05:01,13.47
30709671,Wildhoney/ReactShadow,:beginner: Utilise Shadow DOM in React with all the benefits of style encapsulation.,2015-02-12 15:48:36,2024-12-20 13:39:49,2024-06-20 21:36:43,6332,1323,18.0,83,JavaScript,MIT License,react|reactjs|shadow-dom|webcomponents|components|style-encapsulation|shadow-boundary|css-document,2024-06-20 21:36:15,9.86
522738181,userbradley/BeReal,How does BeReal work (Under the hood),2022-08-08 23:30:36,2024-12-11 15:47:51,2024-11-07 19:57:05,1283,158,8.0,6,,MIT License,ios|bereal|api|mitm|reverse-engineering,2024-05-14 09:24:12,2.37
90921999,segmentio/ksuid,K-Sortable Globally Unique IDs,2017-05-11 01:03:01,2024-12-20 09:51:17,2023-10-04 17:07:15,102,4969,39.0,177,Go,MIT License,ksuid|golang|go|uuid|coordination|unique-id,2023-10-04 17:07:15,7.62
1710843,christianvuerings/jquery-lifestream,Show a stream of your online activity with jQuery,2011-05-06 11:38:53,2024-07-13 13:00:19,2016-07-20 09:19:11,22051,760,42.0,133,JavaScript,MIT License,,2015-11-22 19:34:00,13.63
822574000,dream-sports-labs/react-native-fast-image,"🚩 FastImage, performant React Native image component.",2024-07-01 12:03:36,2024-12-20 11:28:37,2024-12-20 08:08:39,217752,139,0.0,19,TypeScript,MIT License,,2024-12-20 08:08:39,0.48
88881460,vtex/styleguide,The VTEX Design System and React component library.,2017-04-20 15:28:03,2024-10-16 01:48:40,2024-08-20 14:24:06,88955,166,156.0,33,JavaScript,GNU General Public License v3.0,react|component-library|frontend-components|react-library|react-components|design-system|styleguide|xp-developer|srv-styleguide|vtex|hacktoberfest,2024-08-20 14:23:25,7.67
17449493,postmanlabs/newman,Newman is a command-line collection runner for Postman,2014-03-05 17:52:17,2024-12-20 17:16:34,2024-11-15 22:10:05,7028,6915,158.0,1177,JavaScript,Apache License 2.0,newman|postman-collection|json-report|postman|api-testing|api-test|jenkins|ci,2024-08-20 10:27:58,10.8
14704618,MichaelEvans/ColorArt,iTunes 11-style color matching code for Android,2013-11-26 02:14:02,2024-11-18 03:25:24,2024-08-17 14:51:36,3711,900,49.0,138,Java,Apache License 2.0,,2015-02-24 05:44:30,11.07
20992284,stanzhai/be-a-professional-programmer,成为专业程序员路上用到的各种优秀资料、神器及框架,2014-06-19 07:49:35,2024-12-21 02:06:36,2023-02-21 06:47:27,324,9655,654.0,2117,,MIT License,awesome|programmer|programmer-tool,2021-02-09 17:34:41,10.51
26570526,coursehero/slacktee,"slacktee is a bash script that works like tee command. Instead of writing the standard input to files, slacktee posts it to Slack.",2014-11-13 04:23:20,2024-11-22 15:01:34,2023-03-24 00:34:07,278,831,50.0,93,Shell,Apache License 2.0,slack|bash,2023-03-24 00:34:07,10.11
24878875,unixorn/awesome-zsh-plugins,"A collection of ZSH frameworks, plugins, themes and tutorials.",2014-10-07 06:11:17,2024-12-21 19:18:47,2024-12-18 19:43:30,4928,15651,178.0,549,Shell,"BSD 3-Clause ""New"" or ""Revised"" License",collection|awesome-list|zsh-theme|zsh-completions|awesome|list|zsh-configuration|oh-my-zsh|zsh-plugin|hacktoberfest|zgenom|zsh-prompt|zsh-framework,2024-12-17 16:00:38,10.21
128122887,loryhuz/CleanyModal,Swift UI Kit to present clean modal/alert,2018-04-04 21:14:31,2024-11-08 15:34:52,2022-05-14 21:05:53,122,490,7.0,27,Swift,MIT License,swift|modal|alert|ui-components|ui,2021-01-06 10:38:45,6.72
36765127,pingidentity/ldapsdk,UnboundID LDAP SDK for Java,2015-06-02 22:18:49,2024-11-29 11:35:02,2024-12-04 21:13:54,79302,343,39.0,81,Java,Other,,2024-11-13 22:02:52,9.56
16563587,cockroachdb/cockroach,"CockroachDB — the cloud native, distributed SQL database designed for high availability, effortless scale, and control over data placement.",2014-02-06 00:18:47,2024-12-21 21:26:19,2024-12-21 22:46:45,2930152,30288,690.0,3833,Go,Other,go|database|sql|distributed-database|cockroachdb|hacktoberfest,2024-12-21 12:24:53,10.87
41881900,microsoft/vscode,Visual Studio Code,2015-09-03 20:23:38,2024-12-21 22:07:17,2024-12-21 21:01:01,970259,165503,3292.0,29739,TypeScript,MIT License,editor|electron|visual-studio-code|typescript|microsoft,2024-12-21 21:01:00,9.3
6202332,magenx/Magento-nginx-config,Default Nginx config for Magento 2,2012-10-13 11:19:06,2024-11-12 18:10:49,2024-08-19 10:35:07,608,505,66.0,211,Shell,GNU General Public License v3.0,magento|nginx|magento2|config|webserver|magento-installation|magento2-installation,2024-08-19 10:35:07,12.19
6211162,gregwym/InformaticToolbar,The information can be shown on a toolbar is more than you can imagine - iOS Toolbar extension library,2012-10-14 06:27:08,2024-01-13 18:45:06,2013-09-11 16:05:06,265,251,19.0,36,Objective-C,MIT License,,2013-09-11 16:04:28,12.19
47486737,quantizor/markdown-to-jsx,"🏭 The most lightweight, customizable React markdown component.",2015-12-06 06:42:02,2024-12-18 19:15:44,2024-12-18 06:07:02,207514,2057,10.0,178,TypeScript,MIT License,markdown|jsx|react|gfm|remark,2024-12-18 06:06:01,9.05
12646170,pluralsight/git-internals-pdf,PDF on Git Internals,2013-09-06 14:31:08,2024-12-19 15:01:01,2023-03-27 18:02:05,45983,2561,101.0,195,Ruby,,,2013-09-25 22:49:13,11.29
7010724,dianping/cat,"CAT 作为服务端项目基础组件，提供了 Java, C/C++, Node.js, Python, Go 等多语言客户端，已经在美团点评的基础架构中间件框架（MVC框架，RPC框架，数据库框架，缓存框架等，消息队列，配置系统等）深度集成，为美团点评各业务线提供系统丰富的性能指标、健康状况、实时告警等。",2012-12-05 02:31:48,2024-12-21 16:27:05,2024-08-20 09:27:51,114116,18737,1123.0,5428,Java,Apache License 2.0,apm|java|distributed|realtime|monitoring|tracing|metrics,2024-07-25 02:13:03,12.05
7193433,Addepar/ember-table,,2012-12-16 18:10:18,2024-12-16 14:29:45,2024-12-19 16:08:25,32337,1693,191.0,354,JavaScript,Other,ember-addon|ember|table,2024-12-16 14:28:53,12.01
220059,samsouder/reggy,Objective-C interactive regular expression validator and tester for OS X.,2009-06-06 06:01:43,2024-09-06 06:51:26,2011-06-22 19:53:09,2954,356,17.0,24,Objective-C,,,2011-06-22 19:52:54,15.54
62111698,synyi/poplar,A web-based annotation tool for natural language processing (NLP),2016-06-28 05:08:29,2024-12-03 03:22:33,2022-12-11 06:37:18,16050,520,26.0,138,TypeScript,GNU General Public License v3.0,nlp|annotation|svg,2020-09-08 04:55:01,8.48
9206540,ros-drivers/velodyne, ROS support for Velodyne 3D LIDARs,2013-04-03 22:37:10,2024-12-21 08:43:02,2024-10-31 16:37:34,1257,656,46.0,653,C++,Other,,2024-10-31 16:37:33,11.72
53553027,nginxinc/kubernetes-ingress,NGINX and  NGINX Plus Ingress Controllers for Kubernetes,2016-03-10 03:45:12,2024-12-20 15:29:09,2024-12-20 17:32:17,74355,4691,107.0,1972,Go,Apache License 2.0,kubernetes|nginx|k8s|ingress|ingress-controller|go|golang|docker,2024-12-20 15:29:02,8.79
14247166,signalfx/maestro-ng,"Orchestration of Docker-based, multi-host environments",2013-11-08 23:24:30,2024-12-14 19:33:29,2022-07-13 18:42:42,951,683,101.0,84,Python,Apache License 2.0,docker|maestro|maestro-ng|orchestration,2022-07-13 18:42:37,11.12
58835703,erebe/wstunnel,Tunnel all your traffic over Websocket or HTTP2 - Bypass firewalls/DPI - Static binary available ,2016-05-14 23:58:43,2024-12-21 12:48:51,2024-12-15 21:52:57,18957,4414,56.0,377,Rust,"BSD 3-Clause ""New"" or ""Revised"" License",reverse-tunnel|socks5-proxy|tcp-tunnel|transparent-proxy|tunneling|udp-tunnel|websocket|wireguard|wireguard-tunnel|http2|socks|socks5,2024-12-15 21:52:14,8.61
72937356,blackuy/react-native-twilio-video-webrtc,Twilio Video (WebRTC) for React Native,2016-11-05 16:07:50,2024-11-29 04:29:07,2024-11-20 09:53:35,24003,609,25.0,403,Java,MIT License,webrtc|twilio-video|react-native|video-streaming|ios|android|realtime-video|twilio|video|video-call|video-chat,2024-10-24 21:40:19,8.13
186063002,thawkin3/js-data-structures-and-algorithms,JavaScript implementations of common data structure and algorithm concepts.,2019-05-10 22:43:13,2024-12-02 14:55:06,2022-10-29 21:50:41,10224,45,4.0,13,JavaScript,MIT License,javascript|algorithms|algorithm|data-structures|data-structure|data-structures-algorithms|coding-interviews|computer-science|whiteboard|algorithm-concepts,2022-10-29 21:50:23,5.62
22887863,auth0/lock,Auth0's signin solution,2014-08-12 18:28:41,2024-12-04 11:29:50,2024-11-12 06:16:10,164295,1132,93.0,554,JavaScript,Other,dx-sdk|lock,2024-11-12 06:14:42,10.36
18284824,skroutz/elasticsearch-analysis-turkishstemmer,ElasticSearch analysis plugin providing Turkish stemming functionality,2014-03-31 07:13:40,2024-09-26 10:15:24,2022-02-18 13:33:41,356,77,67.0,16,Java,,,2018-02-16 09:57:02,10.73
16601467,nadangergeo/RWD-Table-Patterns,This is an awesome solution for responsive tables with complex data.,2014-02-07 01:59:39,2024-09-22 19:38:13,2023-11-12 06:44:00,5875,755,41.0,121,JavaScript,MIT License,,2023-11-12 06:29:00,10.87
324599509,ntedgi/node-efficientnet,tensorflowJS implementation of EfficientNet 🚀,2020-12-26 17:05:02,2024-10-31 18:19:22,2024-02-15 00:52:38,65256,257,5.0,37,TypeScript,MIT License,tensorflow|tfjs|efficientnet|image-recognition|efficientnet-model|imagenet|deep-learning|classification|image-classification|mobilenet|pretrained-models|hacktoberfest,2023-06-26 10:35:47,3.99
13545130,Transmode/gradle-docker,A Gradle plugin to build Docker images from the build script.,2013-10-13 19:18:32,2024-11-28 16:28:04,2020-08-20 11:48:11,488,647,50.0,142,Groovy,Apache License 2.0,gradle|gradle-docker|gradle-docker-plugin|docker,2019-01-27 19:55:45,11.19
75681724,mocheng/react-and-redux,《深入浅出React和Redux》代码,2016-12-06 01:21:46,2024-12-18 08:29:53,2018-08-14 06:33:54,809,2006,103.0,800,JavaScript,,,2017-07-11 12:16:38,8.04
274610956,genalhuang/genal-chat,🚀阿童木聊天室 nestjs+vue全栈聊天室 前后端分离 typescript一把梭,2020-06-24 08:02:09,2024-12-21 15:00:50,2023-01-24 03:06:17,33417,1951,21.0,389,TypeScript,MIT License,vue|nodejs|typescript|typeorm|socket-io|vuex|chatbot|chatroom|nestjs|javascript,2021-08-12 02:58:27,4.49
732593,cloudera/hue,Open source SQL Query Assistant service for Databases/Warehouses,2010-06-21 19:46:51,2024-12-19 12:11:55,2024-12-20 21:50:24,471814,1190,38.0,372,JavaScript,Apache License 2.0,sql|sql-editor|databases|data-warehouse|query-editor|sql-assistant|autocomplete|compose,2024-12-18 19:21:23,14.5
1079822,jodal/pykka,🌀 Pykka makes it easier to build concurrent Python applications.,2010-11-14 23:45:50,2024-12-20 18:29:25,2024-11-19 23:02:47,1047,1231,34.0,106,Python,Apache License 2.0,python|actor-model|concurrency,2024-11-19 23:02:16,14.1
871838289,lucasnewman/f5-tts-mlx,Implementation of F5-TTS in MLX,2024-10-13 04:43:17,2024-12-22 01:29:44,2024-12-13 20:19:52,717,395,7.0,34,Python,MIT License,diffusion-transformer|flow-matching|mlx|text-to-speech|tts,2024-12-13 20:19:52,0.19
1394574,WebDevStudios/Custom-Metaboxes-and-Fields-for-WordPress,Lets you easily create metaboxes with custom fields that will blow your mind.   ,2011-02-21 20:58:50,2024-11-13 23:35:52,2018-12-17 13:56:19,976,1754,176.0,419,PHP,,,2018-04-17 20:21:29,13.83
1516094,cocaine/cocaine-core,An open platform to build your own PaaS clouds.,2011-03-23 12:31:26,2024-11-28 16:28:38,2018-01-22 10:14:39,13864,1029,79.0,92,C++,GNU Lesser General Public License v3.0,,2017-11-28 11:21:41,13.75
2487802,alek-sys/sublimetext_indentxml,Plugin for Sublime Text editor for reindenting XML and JSON files,2011-09-30 08:03:41,2024-11-22 08:44:55,2022-01-07 11:39:38,40,537,27.0,133,Python,MIT License,,2018-04-12 13:41:08,13.23
136314039,BooheeFE/weekly,📝 薄荷前端周刊 Boohee Front End Team Weekly,2018-06-06 10:41:08,2024-12-21 05:03:14,2019-04-26 08:49:29,2688,761,186.0,40,,,weekly|font-end,2019-04-26 08:49:28,6.55
3113269,toy/image_optim,Optimize images using multiple utilities,2012-01-05 21:03:14,2024-12-15 22:45:33,2024-12-15 22:45:29,4121,1523,36.0,109,Ruby,MIT License,ruby|image-optimisation|image-optimization,2024-12-15 22:45:25,12.96
62406230,cultureamp/react-elm-components,Write React components in Elm,2016-07-01 16:31:45,2024-10-05 21:07:35,2024-01-30 18:36:06,442,779,24.0,54,Elm,"BSD 3-Clause ""New"" or ""Revised"" License",,2024-01-29 03:32:07,8.47
42450016,steveloughran/winutils,Windows binaries for Hadoop versions (built from the git commit ID used for the ASF relase),2015-09-14 13:24:20,2024-12-18 03:57:39,2023-09-29 07:59:03,3757,2559,162.0,3024,Shell,Apache License 2.0,,2022-11-10 11:09:17,9.27
87724159,yu4u/age-gender-estimation,Keras implementation of a CNN network for age and gender estimation,2017-04-09 16:53:46,2024-12-12 16:39:13,2021-06-29 19:49:32,3368,1476,41.0,503,Jupyter Notebook,MIT License,deep-learning|convolutional-neural-networks|imdb|gender-estimation|age-estimation,2020-08-21 13:00:32,7.7
5367323,akeneo/pim-community-dev,[Community Development Repository] The open source Product Information Management (PIM),2012-08-10 09:27:26,2024-12-07 18:25:03,2024-12-12 10:43:49,263678,960,87.0,519,PHP,Other,pim|opensource|symfony|php|javascript|akeneo-pim|product|ziggy,2024-04-08 15:00:36,12.37
5536234,ninjudd/drip,Fast JVM launching without the hassle of persistent JVMs.,2012-08-24 05:12:32,2024-12-12 08:28:55,2021-01-27 05:51:38,182,1546,52.0,69,Shell,Eclipse Public License 1.0,,2017-11-15 04:37:20,12.33
203414012,ZhangMingZhao1/StreamerHelper,全平台主播录制+投稿 工具/服务,2019-08-20 16:29:11,2024-12-17 04:07:29,2024-05-01 16:36:03,453,1141,11.0,176,TypeScript,MIT License,,2024-05-01 16:35:17,5.34
45007173,YahooArchive/anthelion,Anthelion is a plugin for Apache Nutch to crawl semantic annotations within HTML pages.,2015-10-27 00:42:01,2024-12-15 04:56:15,2015-12-17 07:21:20,35326,2841,321.0,666,Java,Apache License 2.0,,2015-12-17 07:21:15,9.16
641660497,sambanova/bloomchat,"This repo contains the data preparation, tokenization, training and inference code for BLOOMChat. BLOOMChat is a 176 billion parameter multilingual chat model based on BLOOM.",2023-05-16 22:51:12,2024-12-12 19:26:18,2023-10-10 20:53:21,83,588,12.0,52,Python,Other,,2023-10-10 20:53:19,1.6
7504919,stutrek/scrollmonitor,A simple and fast API to monitor elements as you scroll,2013-01-08 16:26:16,2024-11-20 11:15:28,2023-07-17 20:03:30,308,3300,75.0,244,TypeScript,MIT License,scroll|dom|javascript|viewport,2022-09-29 17:10:00,11.95
145102495,multiversx/mx-chain-go,"⚡ The official implementation of the MultiversX blockchain protocol, written in golang.",2018-08-17 09:42:40,2024-12-21 00:12:25,2024-12-20 14:54:54,353492,936,68.0,203,Go,GNU General Public License v3.0,blockchain|golang|multiversx|cryptocurrency|decentralized|go|p2p,2024-12-09 15:16:51,6.35
2407497,MikeOrtiz/TouchImageView,Adds touch functionality to Android ImageView.,2011-09-18 00:56:01,2024-12-20 01:20:36,2024-11-25 06:44:56,9964,2744,97.0,865,Kotlin,MIT License,,2024-11-18 06:51:56,13.26
295791675,bryanwweber/orbital-mechanics-notes,Notes for Orbital Mechanics,2020-09-15 16:48:02,2024-11-12 04:16:47,2024-07-05 14:34:29,468703,102,6.0,18,Jupyter Notebook,Creative Commons Attribution Share Alike 4.0 International,,2024-07-05 14:31:07,4.27
194708208,motherboardgithub/bxaq,,2019-07-01 16:30:33,2024-11-24 20:20:10,2019-07-03 08:06:41,3865,269,15.0,39,,,,2019-07-02 16:13:25,5.48
631200841,lidofinance/diffyscan,Diff your Github against Etherscan.,2023-04-22 08:59:27,2024-12-17 10:41:56,2024-12-19 14:32:38,859,134,18.0,15,Python,MIT License,,2024-12-17 10:41:50,1.67
688398751,epam/ai-dial-chat,A default UI for AI DIAL,2023-09-07 09:11:16,2024-12-21 15:35:56,2024-12-21 15:35:53,13010,326,21.0,30,TypeScript,Apache License 2.0,ai-dial|llm,2024-12-21 15:35:52,1.29
22960202,odewahn/docker-jumpstart,A quick introduction to Docker,2014-08-14 16:12:19,2024-12-17 11:15:50,2016-05-29 21:00:53,982,2680,76.0,137,CSS,Other,,2015-07-20 20:24:24,10.36
227810030,atlassian-labs/compiled,A familiar and performant compile time CSS-in-JS library for React.,2019-12-13 10:03:48,2024-12-19 02:31:47,2024-12-20 02:47:54,15676,1994,12.0,68,TypeScript,Apache License 2.0,css|typescript|css-in-js|reactjs|react|webpack|babel|parcel,2024-12-19 02:31:43,5.03
212465715,bufbuild/buf,The best way of working with Protocol Buffers.,2019-10-03 00:09:57,2024-12-21 15:42:40,2024-12-20 19:54:27,24420,9340,80.0,285,Go,Apache License 2.0,protocol-buffers|protoc|grpc|protobuf|buf-cli|buf-schema-registry,2024-12-20 15:13:13,5.22
173015555,povilasv/prommod,Export Go Module information to Prometheus,2019-02-28 01:03:50,2021-10-31 07:11:03,2022-07-28 13:02:26,34,56,3.0,5,Go,MIT License,,2019-08-02 07:36:21,5.82
20049971,DeemOpen/zkui,A UI dashboard that allows CRUD operations on Zookeeper.,2014-05-22 06:15:53,2024-12-20 10:34:28,2023-12-21 08:02:21,493,2361,162.0,979,Java,,,2020-07-13 00:21:06,10.59
254602878,odlp/bluesnooze,Sleeping Mac = Bluetooth off,2020-04-10 10:04:30,2024-12-20 16:39:48,2024-02-19 12:57:56,2120,2183,19.0,59,Swift,MIT License,macos-menubar|macos|bluetooth,2023-07-22 14:56:46,4.7
753750990,aishwaryanr/awesome-generative-ai-guide,"A one stop repository for generative AI research updates, interview resources, notebooks and much more!",2024-02-06 18:14:14,2024-12-21 18:16:21,2024-12-11 16:00:26,30723,9642,333.0,2104,,MIT License,awesome|awesome-list|generative-ai|interview-questions|large-language-models|llms|notebook-jupyter|vision-and-language,2024-12-11 16:00:26,0.87
265744734,soluble-ai/kubetap,Kubectl plugin to interactively proxy Kubernetes Services with ease,2020-05-21 03:24:37,2024-12-21 17:31:11,2023-08-30 14:16:22,14594,565,11.0,48,Go,Apache License 2.0,kubernetes|kubectl|mitmproxy|proxy|kubectl-plugins,2021-01-15 15:51:48,4.59
849472684,magicproduct/hash-hop,Long context evaluation for large language models,2024-08-29 16:54:05,2024-12-17 08:27:43,2024-12-16 19:37:07,128,193,7.0,15,Python,MIT License,,2024-12-03 02:01:36,0.31
60525392,demisto/content,Demisto is now Cortex XSOAR. Automate and orchestrate your Security Operations with Cortex XSOAR's ever-growing Content Repository. Pull Requests are always welcome and highly appreciated! ,2016-06-06 12:17:02,2024-12-21 20:46:49,2024-12-22 00:58:08,1359806,1145,69.0,1689,Python,MIT License,xsoar-content,2024-12-21 20:46:42,8.54
25541148,ariabuckles/simple-markdown,"JavaScript markdown parsing, made simple",2014-10-21 19:18:38,2024-11-19 00:07:20,2023-03-01 21:48:49,1803,516,67.0,103,JavaScript,MIT License,,2022-09-23 16:27:58,10.17
738356406,netease-youdao/QAnything,Question and Answer based on Anything.,2024-01-03 03:24:18,2024-12-22 00:33:11,2024-11-19 03:46:01,117819,12106,107.0,1176,Python,GNU Affero General Public License v3.0,,2024-10-26 12:14:11,0.97
285901584,block/radiography,Text-ray goggles for your Android UI.,2020-08-07 19:01:33,2024-12-11 13:38:18,2024-08-27 20:02:03,2744,858,11.0,36,Kotlin,Apache License 2.0,android|ui|debugging|compose,2024-08-27 20:02:01,4.37
287313420,jetstack/version-checker,"Kubernetes utility for exposing image versions in use, compared to latest available upstream, as metrics.",2020-08-13 15:17:34,2024-12-18 15:09:28,2024-12-16 05:48:18,1017,710,15.0,80,Go,Apache License 2.0,kubernetes|prometheus|image|version|utility|sre|go|grafana|grafana-dashboard|docker|quay|gcr,2024-12-09 09:15:28,4.36
288482469,sashabaranov/go-openai,"OpenAI ChatGPT, GPT-3, GPT-4, DALL·E, Whisper API wrapper for Go",2020-08-18 14:42:54,2024-12-21 14:02:31,2024-12-08 13:16:51,551,9373,72.0,1437,Go,Apache License 2.0,go|gpt-3|openai|golang|streaming-api|dall-e|chatgpt|chatgpt-api|openai-whisper|gpt-4,2024-12-08 13:16:48,4.34
28582962,17zuoye/pyirt,A python library of IRT algorithm,2014-12-29 06:38:30,2024-05-08 08:02:22,2023-08-22 15:47:36,1313,97,19.0,52,Python,MIT License,python|psychometrics|irt,2019-07-18 01:48:32,9.98
197153676,Chia-Network/chia-blockchain,"Chia blockchain python implementation (full node, farmer, harvester, timelord, and wallet)",2019-07-16 08:32:40,2024-12-20 19:29:24,2024-12-21 16:06:05,140171,10826,313.0,2028,Python,Apache License 2.0,chia|blockchain|blockchain-network|proof-of-space|proof-of-time|vdf|farmer|timelord|full-node|harvesters|wallets|chia-blockchain|peer,2024-12-20 19:29:19,5.44
32132075,webyog/sqlyog-community,"Webyog provides monitoring and management tools for open source relational databases. We develop easy-to-use MySQL client tools for performance tuning and database management. Webyog's solutions include SQL Diagnostic Manager for MySQL performance optimization and SQLyog for MySQL administration. More than 35,000 companies (including Amazon, IBM, Salesforce, AT&T, eBay, and GE) and 2.5 million users rely on Webyog's solutions to provide valuable insights into their databases. Webyog is an Idera, Inc. company.",2015-03-13 05:46:35,2024-12-19 07:47:19,2024-07-25 07:12:57,93758,2218,133.0,327,C++,GNU General Public License v2.0,,2024-07-25 07:12:32,9.78
56208209,wanghaisheng/awesome-ocr, A curated list of promising OCR resources,2016-04-14 04:54:10,2024-12-09 07:54:31,2022-06-24 04:50:59,79358,1666,95.0,351,,MIT License,,2022-06-24 04:50:59,8.69
373010014,kwai/DouZero,[ICML 2021] DouZero: Mastering DouDizhu with Self-Play Deep Reinforcement Learning | 斗地主AI,2021-06-02 01:55:56,2024-12-18 14:41:39,2024-06-26 23:02:16,189,4153,55.0,599,Python,Apache License 2.0,reinforcement-learning|doudizhu|game-ai|poker,2024-06-26 23:02:16,3.56
122801247,frankcash/go-lambda-ping,Deploy a Lambda to Ping a Site in 20 Seconds!,2018-02-25 03:17:16,2024-09-22 14:49:30,2018-04-10 19:02:22,10,197,7.0,10,HCL,MIT License,aws-lambda|golang|terraform|serverless|ping,2018-04-10 19:02:09,6.82
382926388,arpit20adlakha/Data-Structure-Algorithms-LLD-HLD,A Data Structure Algorithms Low Level Design and High Level Design collection of resources.,2021-07-04 18:52:39,2024-12-21 20:12:14,2024-07-15 19:18:49,123,2182,49.0,422,,MIT License,data-structures|interview|interview-questions|leetcode|algorithm,2024-07-15 19:18:49,3.47
387469387,DeepLcom/deepl-python,Official Python library for the DeepL language translation API.,2021-07-19 13:12:53,2024-12-22 00:53:08,2024-11-15 14:38:06,575,1152,22.0,80,Python,MIT License,deepl|python|api|official|translation|translator|i18n|language,2024-11-15 14:07:24,3.43
417230885,dlvhdr/gh-dash,A beautiful CLI dashboard for GitHub 🚀 ,2021-10-14 17:53:33,2024-12-22 00:47:00,2024-12-21 21:12:48,28122,7312,24.0,219,Go,MIT License,gh-extension|cli|bubbletea|glamour|lipgloss|bubbles|cobra|go|golang|terminal|github,2024-12-21 21:04:22,3.19
424419603,insitro/redun,Yet another redundant workflow engine,2021-11-04 00:14:09,2024-12-17 09:30:03,2024-09-03 19:19:28,6227,537,15.0,45,Python,Apache License 2.0,workflow-engine|python|aws|bioinformatics|data-engineering|data-science|docker|gcp|etl|ml,2024-09-03 19:16:49,3.13
64528190,jobandtalent/AnimatedTextInput,Animated UITextField and UITextView replacement for iOS,2016-07-30 05:35:17,2024-12-11 03:12:15,2021-04-21 09:33:06,3314,760,77.0,126,Swift,MIT License,,2019-03-19 19:08:59,8.4
435829853,LianjiaTech/bruno,An enterprise-class package of Flutter components for mobile applications. ( Bruno 是基于一整套设计体系的 Flutter 组件库。),2021-12-07 10:07:37,2024-12-20 21:55:09,2024-05-27 04:48:42,166255,3313,53.0,501,Dart,MIT License,flutter|dart|ui-design|uikit,2024-05-27 04:47:49,3.04
842117692,facebookresearch/sapiens,High-resolution models for human tasks.,2024-08-13 17:50:46,2024-12-21 21:12:21,2024-11-18 16:04:23,293538,4665,47.0,265,Python,Other,,2024-11-18 16:04:23,0.36
45475573,alphasights/ember-graphql-adapter,GraphQL adapter for Ember Data,2015-11-03 15:25:19,2024-09-02 16:19:26,2022-02-04 19:08:23,3096,244,45.0,26,JavaScript,MIT License,ember|ember-addon|graphql|graphql-adapter,2021-08-12 14:34:01,9.13
5332558,sproutsocial/walltime-js,"A JavaScript library for easily translating a UTC time to a ""Wall Time"" for a particular time zone.",2012-08-07 19:37:13,2023-12-26 18:19:19,2017-02-16 04:30:36,5368,121,110.0,12,JavaScript,MIT License,,2016-07-26 02:01:53,12.37
533995694,Faire/mjml-react,React component library to generate the HTML emails on the fly,2022-09-08 00:56:35,2024-12-05 17:28:28,2024-09-27 18:38:47,598,392,18.0,16,TypeScript,MIT License,,2024-09-27 14:32:40,2.29
37660230,brainly/style-guide,:art: Brainly Front-End Style Guide,2015-06-18 13:12:08,2024-12-17 12:59:47,2024-12-20 20:59:13,32387,164,48.0,30,TypeScript,Other,style-guide|css|bem-methodology|frontend-components|react-components,2024-12-17 12:59:42,9.51
157105461,hobofan/cargo-nono,Check your crate for (possible) no_std compatibility,2018-11-11 17:54:02,2024-11-18 12:25:23,2023-04-11 11:19:00,102,210,7.0,12,Rust,Apache License 2.0,,2021-06-03 08:29:34,6.11
55565585,dropbox/dropbox-sdk-js,The Official Dropbox API V2 SDK for Javascript,2016-04-06 01:09:44,2024-11-19 15:57:33,2024-05-02 17:33:54,11216,942,49.0,354,JavaScript,MIT License,javascript|typescript|nodejs|node|node-js|sdk|sdk-javascript|sdk-typescript|sdk-nodejs|sdk-node|dropbox-javascript-sdk|dropbox|dropbox-sdk|dropbox-v2,2023-07-18 15:01:50,8.71
9410758,gromo/jquery.scrollbar,jQuery CSS Customizable Scrollbar,2013-04-13 08:19:52,2024-10-23 08:15:36,2017-12-28 06:41:25,2484,756,34.0,238,CSS,GNU General Public License v2.0,,2017-12-28 06:41:24,11.69
672965043,zama-ai/awesome-zama,A curated list of amazing Fully Homomorphic Encryption (FHE) resources created by the team at Zama.,2023-07-31 15:00:39,2024-12-12 13:50:37,2024-12-11 12:23:02,26208,241,9.0,21,,,cryptography|fhe|fully-homomorphic-encryption|homomorphic-encryption|zama,2024-10-11 09:17:00,1.39
62725884,kayak/pypika,PyPika is a python SQL query builder that exposes the full richness of the SQL language using a syntax that reflects the resulting query. PyPika excels at all sorts of SQL queries but is especially useful for data analysis.,2016-07-06 14:08:50,2024-12-21 16:52:52,2024-11-28 16:32:04,1283,2567,36.0,300,Python,Apache License 2.0,sql|functional|python|python3|builder|pythonic|query|data,2024-11-28 16:32:03,8.46
78038096,paxosglobal/subconscious,redis-backed (in memory) db for python3 that is asyncio compatible,2017-01-04 17:37:41,2024-10-15 06:13:28,2018-07-25 12:36:24,72,252,32.0,20,Python,MIT License,,2018-01-28 00:13:52,7.96
94369364,tenta-browser/tenta-dns,"Recursive and authoritative DNS server in go, including DNSSEC and DNS-over-TLS",2017-06-14 20:13:39,2024-12-05 10:45:05,2020-06-18 08:47:38,853,1617,40.0,80,Go,Apache License 2.0,,2020-06-18 08:47:37,7.52
728358753,coinbase/coinbase-advanced-py,"The Advanced API Python SDK is a Python package that makes it easy to interact with the Coinbase Advanced API. The SDK handles authentication, HTTP connections, and provides helpful methods for interacting with the API.",2023-12-06 19:15:31,2024-12-21 05:14:55,2024-12-09 21:30:23,208,150,17.0,40,Python,Apache License 2.0,coinbase-advanced-trade,2024-12-09 21:30:21,1.04
120395176,alibaba/easyexcel,快速、简洁、解决大文件内存溢出的java处理Excel工具,2018-02-06 03:14:08,2024-12-21 18:40:01,2024-10-29 06:07:07,26334,32945,595.0,7597,Java,Apache License 2.0,excel|poi|jxl|xls|xlsx|java|oom,2024-10-29 06:07:06,6.87
77310444,davidbyttow/govips,A lightning fast image processing and resizing library for Go,2016-12-25 04:32:56,2024-12-20 14:46:53,2024-12-14 17:11:07,187805,1327,19.0,204,Go,MIT License,libvips|image-processing|golang|svg|png|jpeg|gif|webp|tiff|heic|pdf|imagemagick,2024-12-14 17:11:07,7.99
91142264,ballercat/walt,:zap: Walt is a JavaScript-like syntax for WebAssembly text format :zap:,2017-05-13 01:52:46,2024-12-13 04:15:00,2023-01-02 16:57:45,19798,4648,114.0,122,JavaScript,MIT License,compiler|webassembly|javascript,2023-01-02 16:57:44,7.61
74549742,NewDadaFE/vue-impression,A Vue.js 2.0 UI elements for mobile.,2016-11-23 07:05:20,2023-03-27 08:56:08,2022-12-08 17:15:47,2596,203,19.0,43,Vue,,vue|components|vue2|scss|simple,2019-12-02 09:31:22,8.08
3182936,movableink/doorman,HTTP Proxy + OAuth,2012-01-15 09:28:54,2023-07-28 02:42:31,2023-10-06 19:43:36,455,167,56.0,52,JavaScript,MIT License,,2016-05-14 16:36:28,12.94
562770907,traderepublic/Cilicon,🛠️ Self-Hosted ephemeral macOS CI on Apple Silicon,2022-11-07 08:17:34,2024-12-18 04:11:37,2024-11-18 12:39:45,2852,996,24.0,33,Swift,MIT License,ci|github-actions|macos|self-hosted|self-hosted-runner|virtualization|m1|m2|silicon|selfhosted|swift|swiftui,2024-11-18 12:39:44,2.12
177878919,mandiant/commando-vm,"Complete Mandiant Offensive VM (Commando VM), a fully customizable Windows-based pentesting virtual machine distribution. commandovm@mandiant.com",2019-03-26 22:36:32,2024-12-21 17:21:57,2024-09-24 19:14:18,16798,7011,284.0,1300,PowerShell,Apache License 2.0,penetration-testing|red-teaming|windows|fireeye-flare,2024-09-24 19:14:18,5.74
171219504,deepexi/recruitment,公司主页：http://www.deepexi.com/#/                                    产品官网：http://cdn-uat.deepexi.com/deepexi-official-mobile/index.html,2019-02-18 05:19:24,2023-08-24 12:10:46,2019-05-14 10:11:20,263,41,10.0,10,,,,2019-05-14 10:11:19,5.84
642942708,Forethought-Technologies/AutoChain,"AutoChain: Build lightweight, extensible, and testable LLM Agents",2023-05-19 17:49:27,2024-12-20 12:31:08,2024-05-23 18:19:29,1032,1808,11.0,98,Python,MIT License,,2023-11-29 23:43:33,1.59
89724222,zoom/meetingsdk-web-sample,Zoom Meeting SDK web sample,2017-04-28 16:25:31,2024-12-20 14:53:31,2024-11-19 19:06:47,48364,624,45.0,336,HTML,Other,sample-app,2024-11-19 18:20:35,7.65
124132680,infobloxopen/protoc-gen-gorm,A protobuf compiler plugin designed to generate GORM models and APIs for simple object persistence tasks.,2018-03-06 20:12:12,2024-12-20 21:28:42,2024-12-10 16:06:28,13889,564,27.0,164,Go,Apache License 2.0,,2024-12-09 22:05:06,6.8
105956507,advanced-rest-client/arc-electron,Advanced REST Client - Desktop application,2017-10-06 01:17:47,2024-12-17 10:00:02,2024-11-13 23:07:38,69603,1425,51.0,224,JavaScript,Other,advanced-rest-client|electron,2022-03-02 23:34:30,7.21
124468545,marcoferrer/kroto-plus,"gRPC Kotlin Coroutines, Protobuf DSL, Scripting for Protoc",2018-03-09 01:14:41,2024-12-01 17:56:17,2020-12-18 08:55:26,1233,492,24.0,29,Kotlin,Apache License 2.0,coroutines|kotlin|grpc|protobuf|protocol-buffers|kotlin-coroutines|grpc-java|code-generation|protoc-plugin|protoc-grpc-plugin|kotlin-script|grpc-kotlin,2020-02-04 04:36:38,6.79
130012942,iqiyi/xHook,🔥 A PLT hook library for Android native ELF.,2018-04-18 06:15:09,2024-12-18 14:48:33,2023-07-06 09:32:12,839,4107,115.0,763,C,Other,android|hook|elf|plt|got,2022-04-25 17:39:57,6.68
137915065,fussybeaver/bollard,Docker daemon API in Rust,2018-06-19 16:05:31,2024-12-21 14:13:02,2024-12-12 19:27:06,2036,927,5.0,136,Rust,Apache License 2.0,,2024-12-12 19:27:06,6.51
502013366,CRED-CLUB/neopop-web,NeoPOP components library based on CRED's design system,2022-06-10 11:12:57,2024-12-21 18:07:51,2023-10-18 19:01:45,2807,969,14.0,147,TypeScript,Apache License 2.0,cred|neopop|design|system|react|styled-components|ui-components,2022-07-18 08:02:52,2.53
92597883,duffelhq/paginator,Cursor-based pagination for Elixir Ecto,2017-05-27 12:39:32,2024-12-21 23:20:50,2024-08-12 09:15:06,296,762,21.0,93,Elixir,MIT License,ecto|paginator|cursor|elixir,2024-06-04 21:25:12,7.57
123644037,tigergraph/ecosys,TigerGraph Ecosystem,2018-03-03 00:10:37,2024-11-29 05:35:44,2024-12-05 22:27:01,295127,268,53.0,153,Java,Apache License 2.0,tigergraph|graphdb|gsql|graph-database|database,2024-11-27 23:02:38,6.81
528629042,altryne/awesome-ai-art-image-synthesis,"A list of awesome tools, ideas, prompt engineering tools, colabs, models, and helpers for the prompt designer playing with aiArt and image synthesis. Covers Dalle2, MidJourney, StableDiffusion, and open source tools.",2022-08-24 23:40:56,2024-12-14 06:09:59,2022-12-03 09:33:26,477,1731,48.0,121,,,ai,2022-09-06 11:56:11,2.33
107487413,blueapron/Mandoline,"An iOS picker view to serve all your ""picking"" needs",2017-10-19 02:21:13,2024-07-11 06:53:54,2019-06-15 12:29:57,6456,894,71.0,36,Swift,MIT License,,2019-05-15 21:37:52,7.18
108264534,adshao/go-binance,A Go SDK for Binance API,2017-10-25 12:06:57,2024-12-17 14:01:39,2024-12-16 02:12:01,1267,1589,39.0,689,Go,MIT License,binance|golang|go|exchange|bitcoin|btc|eth|api|sdk,2024-12-16 02:10:15,7.16
152045953,mafengwo/vue-drag-tree-table,vue 可以拖拽排序的树形表格,2018-10-08 08:37:42,2024-11-19 03:28:05,2023-01-04 21:47:11,19844,664,18.0,164,Vue,,vue-tree-table|drag|vue-table|vue-drag-tree-table|tree|table,2021-03-18 10:11:03,6.21
153524302,apptio/kr8,An opinionated Kubernetes cluster configuration management tool,2018-10-17 21:11:26,2024-10-14 23:57:50,2024-09-11 16:52:08,8617,168,8.0,17,HTML,MIT License,kubernetes|kubernetes-setup|configuration-management,2024-09-11 16:48:47,6.18
808578967,jbilcke-hf/clapper,"Clapper.app, a video synthesizer and sequencer designed for the age of AI cinema",2024-05-31 11:09:04,2024-12-21 10:39:03,2024-11-25 14:56:56,9213,2102,25.0,197,TypeScript,GNU General Public License v3.0,aitube|clapper|openclap,2024-11-25 14:56:47,0.56
121858752,luizdepra/hugo-coder,A minimalist blog theme for hugo.,2018-02-17 13:45:54,2024-12-21 22:33:35,2024-12-01 21:30:32,5788,2756,33.0,1069,HTML,MIT License,golang|hugo|hugo-theme|theme|blog-theme|static-site-generator|minimalist|responsive,2024-12-01 21:30:21,6.84
20468810,kylemanna/docker-openvpn,🔒 OpenVPN server in a Docker container complete with an EasyRSA PKI CA,2014-06-04 03:26:38,2024-12-20 00:57:30,2024-03-03 09:59:37,385,8802,158.0,2400,Shell,MIT License,openvpn-server|docker-container|docker-openvpn|pki|docker|openvpn|easyrsa-pki,2020-12-04 17:11:37,10.55
99561213,sonos/tract,"Tiny, no-nonsense, self-contained, Tensorflow and ONNX inference",2017-08-07 09:31:26,2024-12-20 13:47:55,2024-12-20 09:36:33,45109,2268,44.0,216,Rust,Other,tensorflow|onnx|neural-networks|artificial-intelligence|rust-library|rust,2024-12-17 10:45:04,7.37
490868,venthur/gscholar,Query Google Scholar with Python,2010-01-27 15:28:23,2024-11-15 08:13:23,2024-01-05 10:09:08,81,290,11.0,72,Python,MIT License,google-scholar|python|cli|pdf|bibtex|gscholar,2023-09-18 06:12:56,14.9
188299874,IntersectMBO/cardano-node,The core component that is used to participate in a Cardano decentralised blockchain.,2019-05-23 20:12:22,2024-12-20 20:53:03,2024-12-22 00:07:08,111362,3086,192.0,720,Haskell,Apache License 2.0,,2024-12-16 14:58:06,5.58
60541883,alanwangmodify/WXSTransition,🍎 界面转场动画集,2016-06-06 16:08:26,2024-12-17 06:16:16,2018-07-25 09:14:04,42955,1530,34.0,261,Objective-C,MIT License,,2018-06-12 07:46:53,8.54
37474146,swistakm/graceful,Elegant Python REST toolkit built on top of falcon,2015-06-15 15:35:57,2024-01-03 14:12:24,2019-02-03 19:15:02,251,75,6.0,12,Python,"BSD 3-Clause ""New"" or ""Revised"" License",falcon|python|rest-api|restful|framework|restful-api|http,2018-04-18 09:51:02,9.52
350330960,Aiven-Labs/python-notebooks-for-apache-kafka,A Series of Notebooks on how to start with Kafka and Python,2021-03-22 12:13:47,2024-12-01 18:24:18,2023-08-28 09:05:26,2216,154,16.0,52,Jupyter Notebook,Apache License 2.0,notebooks|kafka|python|kafka-python-notebooks,2023-08-28 09:05:21,3.75
144940453,delfrrr/delaunator-cpp,A really fast C++ library for Delaunay triangulation of 2D points,2018-08-16 05:23:54,2024-12-16 20:48:37,2024-01-23 16:13:50,2336,534,22.0,102,C++,MIT License,computational-geometry|algorithm|delaunay|triangulation|2d|cpp|mapbox,2018-10-07 05:51:19,6.35
137389229,jonasschmedtmann/complete-javascript-course,"Starter files, final projects, and FAQ for my Complete JavaScript course",2018-06-14 17:33:47,2024-12-21 11:15:37,2024-12-10 11:38:06,45611,15936,912.0,16940,JavaScript,,udemy|starter-files|javascript-course,2024-12-10 11:37:57,6.52
160402925,troch/reinspect,Use redux devtools to inspect useState and useReducer :mag_right:,2018-12-04 18:41:34,2024-08-14 13:08:22,2023-08-20 11:38:34,2838,424,8.0,24,TypeScript,MIT License,,2020-03-02 10:48:58,6.05
161633214,trailheadapps/lwc-recipes,A collection of easy-to-digest code examples for Lightning Web Components on Salesforce Platform,2018-12-13 12:03:41,2024-12-20 20:22:04,2024-12-01 21:46:04,6336,2617,140.0,3104,JavaScript,Creative Commons Zero v1.0 Universal,salesforce|lightning-web-components|apex|jest,2024-12-01 21:44:43,6.02
5756483,C2FO/fast-csv,CSV parser and formatter for node,2012-09-10 21:56:55,2024-12-20 16:05:40,2024-12-19 21:54:26,6960,1675,50.0,214,TypeScript,MIT License,csv|typescript|csv-parsing|csv-parser|csv-format|stream|nodejs,2024-12-19 21:52:14,12.28
249269523,alexruperez/SecurePropertyStorage,Helps you define secure storages for your properties using Swift property wrappers.,2020-03-22 20:47:12,2024-11-26 22:33:08,2024-09-24 14:03:29,39830,472,14.0,20,Swift,MIT License,swift|property-wrappers|userdefaults|keychain|singleton|dependency-injection,2024-09-24 13:49:32,4.75
174281291,PolyAI-LDN/conversational-datasets,Large datasets for conversational AI,2019-03-07 05:58:09,2024-12-20 03:04:48,2019-11-16 03:50:49,182,1303,73.0,169,Python,Apache License 2.0,conversational-ai|datasets|machine-learning,2019-11-16 03:50:47,5.8
6657995,manojlds/cmd,"C# library to run external programs in a simpler way. Demonstration of ""dynamic"" features of C#.",2012-11-12 18:08:26,2024-11-24 13:59:46,2020-05-18 17:25:35,1286,357,37.0,48,C#,Apache License 2.0,,2020-05-18 17:25:34,12.11
217595262,burningalchemist/sql_exporter,Database-agnostic SQL Exporter for Prometheus,2019-10-25 18:43:09,2024-12-05 13:02:54,2024-12-04 15:52:14,9070,339,6.0,67,Go,MIT License,prometheus|sql|mysql|postgresql|mssql|monitoring|clickhouse|database,2024-12-04 15:52:11,5.16
104238652,mdomke/python-ulid,ULID implementation for Python,2017-09-20 16:11:42,2024-11-19 01:24:58,2024-10-11 15:31:30,185,417,4.0,20,Python,MIT License,ulid|uuid|unique-id,2024-10-11 15:25:33,7.25
263182590,rvs/planD,Plan9 from Containerspace ,2020-05-11 23:32:35,2024-07-01 17:01:25,2024-01-26 09:36:29,551,78,8.0,1,C,Apache License 2.0,,2024-01-26 09:35:59,4.61
342283848,parallel-finance/parallel,A decentralized lending & staking protocol built on top of the Polkadot ecosystem.,2021-02-25 15:10:03,2024-11-06 13:37:25,2024-09-23 09:10:48,13222,119,14.0,35,Rust,GNU General Public License v3.0,parachain|cumulus|lending|staking|polkadot|substrate|kusama,2024-09-23 09:07:41,3.82
287989150,niharika2810/android-interview-questions,"A repository containing interview questions on DS, Java & Android based on my experiences.",2020-08-16 17:12:00,2024-12-06 09:01:45,2022-09-21 13:32:54,150,290,13.0,65,,Apache License 2.0,android|interview|androidinterview|interview-questions|interview-preparation|androiddeveloper|datastructures-algorithms|datastructures|java|javainterview,2020-12-22 20:10:39,4.35
27584181,espressif/ESP8266_RTOS_SDK,"Latest ESP8266 SDK based on FreeRTOS, esp-idf style.",2014-12-05 09:27:12,2024-12-19 11:34:03,2024-11-29 11:32:55,66283,3362,268.0,1565,C,Apache License 2.0,,2024-11-18 03:21:23,10.05
741410509,ankorstore/yokai,"Simple, modular, and observable Go framework for backend applications.",2024-01-10 10:39:53,2024-12-21 05:01:20,2024-11-18 12:50:05,5730,496,10.0,14,Go,MIT License,framework|go|golang|grpc-server|http-server|modular|observability|open-telemetry|prometheus|worker-pool|dependency-injection|backend|metrics|kubernetes|yokai,2024-11-18 12:49:36,0.95
389437916,optix2000/totsugeki,Guilty Gear Strive Proxy for faster loading screens.,2021-07-25 20:45:11,2024-12-11 04:08:13,2022-12-31 18:30:38,224,475,17.0,45,Go,"BSD 3-Clause ""New"" or ""Revised"" License",,2022-09-13 04:44:36,3.41
362274388,aurasphere/gomorra-sql,SQL made uagliò.,2021-04-27 23:00:43,2024-12-21 21:38:31,2023-06-06 19:16:42,297,1347,6.0,24,CSS,MIT License,sql|esoteric-language|napoli,2023-06-06 19:16:38,3.65
373920511,iRobotEducation/create3_sim,ROS 2 Simulation for the iRobot® Create® 3 Educational Robot,2021-06-04 17:50:20,2024-12-03 15:13:17,2024-10-24 00:06:49,2329,109,13.0,58,C++,"BSD 3-Clause ""New"" or ""Revised"" License",,2024-10-24 00:06:43,3.55
468103477,messari/subgraphs,Standardized subgraphs for blockchain data,2022-03-09 21:53:51,2024-12-16 18:12:38,2024-12-20 17:18:42,36418,513,14.0,241,TypeScript,MIT License,graphql|thegraph|defi|solidity|ethereum|blockchain,2024-12-16 18:12:33,2.79
272127949,phord/Jarvis,Hacking the Jarvis standup desk from fully.com for home automation using an ESP8266 arduino interface,2020-06-14 03:45:44,2024-12-01 22:23:06,2023-03-31 17:49:40,686,430,23.0,21,C++,GNU General Public License v3.0,,2023-03-31 17:49:40,4.52
152620511,zRedShift/mimemagic,"Powerful and versatile MIME sniffing package using pre-compiled glob patterns, magic number signatures, XML document namespaces, and tree magic for mounted volumes, generated from the XDG shared-mime-info database.",2018-10-11 16:12:54,2024-11-06 11:54:46,2023-10-11 23:23:51,15556,99,3.0,10,Go,GNU General Public License v2.0,mime|mime-types|mime-database|filetype|detection|sniffing|magic-numbers|extension|golang|go|xdg|freedesktop,2023-02-27 14:10:55,6.2
77109005,dianrong/UniAuth,,2016-12-22 03:33:20,2024-10-14 06:54:46,2017-12-04 01:53:10,127653,340,65.0,147,Java,Other,,2017-12-04 01:53:09,8.0
421245799,Skillshare/formatphp,"🌍 Internationalize PHP apps. This library provides an API to format dates, numbers, and strings, including pluralization and handling translations.",2021-10-26 01:58:24,2024-05-31 17:41:42,2023-11-01 02:44:06,648,75,28.0,5,PHP,MIT License,i18n|l10n|string-extraction|php|translation|internationalization|localization|intl|formatphp|globalization|pod-platform-ecosystems,2023-08-23 18:56:22,3.16
148519832,vapor-ware/kubetest,Kubernetes integration testing in Python via pytest,2018-09-12 17:54:29,2024-11-28 16:34:04,2022-09-22 15:00:44,413,206,13.0,57,Python,GNU General Public License v3.0,python|testing|integration-testing|pytest-plugin|pytest|kubernetes,2021-03-24 19:14:32,6.28
219023167,tomwojcik/starlette-context,Middleware for Starlette that allows you to store and access the context data of a request. Can be used with logging so logs automatically use request headers such as x-request-id or x-correlation-id.,2019-11-01 16:32:04,2024-11-23 15:13:13,2024-11-19 05:00:26,423,451,7.0,24,Python,MIT License,python|python3|starlette|fastapi|starlette-context|middleware,2024-06-17 07:19:25,5.14
314054602,mobilecoinofficial/full-service,A MobileCoin service for wallet implementations.,2020-11-18 20:49:52,2024-05-12 15:22:16,2024-05-08 15:48:25,9275,45,25.0,21,Rust,Other,,2024-04-03 04:35:48,4.09
204020546,ncipollo/release-action,An action which manages a github release,2019-08-23 15:03:16,2024-12-21 01:17:56,2024-12-03 20:52:45,21530,1417,7.0,200,TypeScript,MIT License,,2024-12-03 20:52:42,5.33
236754323,razorpay/blade,Design System that powers Razorpay,2020-01-28 14:29:07,2024-12-11 15:38:19,2024-12-17 10:00:23,154749,518,130.0,146,TypeScript,MIT License,,2024-12-11 10:58:34,4.9
364043730,LhKipp/nvim-nu,Basic editor support for the nushell language,2021-05-03 19:49:45,2024-11-21 22:08:48,2024-11-14 19:47:51,386,143,3.0,12,Lua,GNU General Public License v3.0,,2024-11-14 19:47:44,3.64
438747534,Qualys/log4jscanwin,Log4j Vulnerability Scanner for Windows,2021-12-15 19:23:47,2024-12-05 05:05:57,2023-03-22 06:18:58,5461,156,19.0,32,C,Other,security|scanner|vulnerability|security-tools|cve|cve-2021-44228|cve-2021-4104|cve-2021-44832|cve-2021-45046|cve-2021-45105|log4j|log4shell,2023-03-22 06:12:59,3.02
78890498,EliotAndres/kaggle-past-solutions,A searchable compilation of Kaggle past solutions,2017-01-13 22:06:53,2024-12-20 03:15:29,2019-12-23 09:17:04,154,1489,64.0,392,HTML,MIT License,kaggle|compilation|awesome|data-science,2019-12-23 09:16:54,7.94
222187361,dankamongmen/notcurses,blingful character graphics/TUI library. definitely not curses.,2019-11-17 02:38:24,2024-12-21 16:04:01,2024-12-21 02:15:47,108230,3671,34.0,120,C,Other,terminal-emulators|ncurses|cli|terminal|c,2024-12-21 02:15:41,5.1
429623156,clickup/honey,Come to the sweet side of testing.,2021-11-19 00:40:56,2024-11-28 20:04:40,2024-06-17 16:42:08,1459,370,15.0,17,Dart,,e2e|flutter|test-automation|testing,2022-11-19 12:54:31,3.09
51914970,trayio/babel-plugin-webpack-alias,babel 6 plugin which allows to use webpack resolve options,2016-02-17 10:36:26,2024-09-18 14:12:16,2023-04-27 08:42:37,84,150,44.0,32,JavaScript,MIT License,babel|webpack|webpack-aliases,2016-11-22 17:23:45,8.84
38644841,Opentrons/opentrons,Software for writing protocols and running them on the Opentrons Flex and Opentrons OT-2,2015-07-06 20:41:01,2024-11-21 22:57:33,2024-11-21 22:57:31,413142,425,44.0,179,Python,Apache License 2.0,biology|robotics|science,2024-11-21 22:57:28,9.46
22773518,coolbho3k/manuf,Parser library for Wireshark's OUI database.,2014-08-08 22:40:04,2024-10-28 06:18:49,2023-08-10 17:02:45,2266,120,20.0,36,Python,Other,python|manuf|netmask|networking|mac-address|library,2022-01-08 02:05:26,10.37
207655290,aristanetworks/avd,Arista Validated Designs,2019-09-10 20:19:35,2024-11-21 18:10:42,2024-11-21 18:10:36,83170,298,33.0,219,Python,Apache License 2.0,arista|ansible|cloudvision|avd|playbook|eapi|eos|jinja2|cloudvision-portal|cvp|python,2024-11-21 18:10:35,5.28
55284200,AtherEnergy/ggTimeSeries,Time series visualisation,2016-04-02 08:00:22,2024-12-09 01:34:42,2022-02-11 18:59:37,2933,252,17.0,39,R,Other,,2019-06-21 05:57:32,8.72
76041639,reifyhealth/specmonstah,Specmonstah will eat the face off your test fixtures,2016-12-09 14:20:16,2024-12-11 19:09:24,2023-09-14 18:21:02,4740,361,40.0,18,Clojure,MIT License,clojure|database|clojure-spec,2023-09-14 18:21:02,8.03
133108973,hightouchio/injecto,Debug `FROM scratch` containers by injecting contents of another image,2018-05-12 03:02:11,2024-09-27 11:41:43,2022-01-23 07:01:41,3314,208,2.0,5,Go,,,2022-01-23 07:01:34,6.61
110190934,dapperlabs/cryptokitties-bounty,Bounty program for CryptoKitties smart contract,2017-11-10 02:13:26,2024-12-05 06:16:43,2017-11-21 00:35:16,168,482,74.0,228,JavaScript,Other,,2017-11-21 00:35:16,7.12
554095316,alan-eu/react-native-fast-shadow,Fast and high quality Android shadows for React Native,2022-10-19 08:39:41,2024-12-04 01:19:17,2024-08-05 13:22:09,1710,488,26.0,11,Java,MIT License,android|react-native|shadow,2024-08-05 13:21:56,2.18
103398738,livechat/octopus,🐙  Octopus - Internal wiki with diagrams for software and product teams,2017-09-13 12:46:30,2024-05-10 17:56:24,2022-12-07 01:31:51,2289,291,15.0,39,JavaScript,MIT License,javascript|graphviz|create-react-app|netlify|wiki|firebase,2019-10-14 08:11:10,7.27
262421344,plexsystems/sinker,A tool to sync images from one container registry to another,2020-05-08 20:23:44,2024-12-11 07:58:01,2024-06-13 22:25:52,1416,611,14.0,53,Go,MIT License,,2023-11-01 13:35:45,4.62
262766287,ajay-prabhakar/awesome-flutter-ui,"10+ flutter(android, ios) UI design examples :zap: - login, books, profile, food order, movie streaming, walkthrough, widgets",2020-05-10 10:52:29,2024-12-16 20:06:09,2021-03-17 09:06:15,31397,1129,24.0,153,Dart,MIT License,ui|flutter-examples|login|mobile-design|flutter-apps|ui-design|example|flutter|awesome-list|poppins|android|ios|ux-ui|uikit|textfield|adobe-xd|figma|dart|flutter-ui,2021-03-17 09:06:15,4.62
268874754,Farfetch/kafkaflow,Apache Kafka .NET Framework to create applications simple to use and extend.,2020-06-02 18:11:26,2024-12-18 14:18:23,2024-09-01 01:26:51,22222,661,29.0,122,C#,MIT License,kafka|dotnet|csharp|kaflaflow|farfetch|nuget|middlewares|consumer|workers|dotnetcore|kafka-client|kafka-clients|c-sharp|hacktoberfest|apache-kafka,2024-07-27 11:24:29,4.55
283417813,riscv-mcu/e203_hbirdv2,The Ultra-Low Power RISC-V Core,2020-07-29 06:28:49,2024-12-21 21:23:37,2024-10-09 07:18:36,62396,1341,37.0,348,Verilog,Apache License 2.0,risc-v|riscv|fpga|hummingbird|nuclei|soc|e203|china|verilog|low-power|cpu|core,2024-10-09 07:18:35,4.4
285484098,project-serum/serum-dex,Project Serum Rust Monorepo,2020-08-06 05:41:59,2024-12-20 16:27:11,2024-06-07 10:08:14,1295,635,35.0,331,Rust,Apache License 2.0,,2022-10-25 23:35:28,4.38
285902689,Expensify/App,"Welcome to New Expensify: a complete re-imagination of financial collaboration, centered around chat. Help us build the next generation of Expensify by sharing feedback and contributing to the code.",2020-08-07 19:08:07,2024-12-21 21:27:08,2024-12-22 01:13:25,1293545,3912,83.0,2954,TypeScript,MIT License,,2024-12-20 21:54:20,4.37
298674515,ghoullier/awesome-template-literal-types,Curated list of awesome Template Literal Types examples,2020-09-25 20:36:37,2024-12-20 03:19:16,2024-01-26 14:24:41,12546,1178,19.0,26,Dockerfile,,awesome|awesome-list|lists|resources,2024-01-26 14:24:41,4.24
510039019,resmoio/kubernetes-event-exporter,Export Kubernetes events to multiple destinations with routing and filtering,2022-07-03 14:00:11,2024-12-06 09:24:28,2024-08-20 15:09:21,10485,815,10.0,162,Go,Apache License 2.0,,2024-05-13 21:27:38,2.47
222450451,aisrael/elixir-phoenix-typescript-react,"An example repository demonstrating Elixir with Phoenix 1.6, TypeScript, and React",2019-11-18 13:02:07,2024-11-20 02:14:13,2023-03-08 14:52:38,418,59,3.0,10,Elixir,,,2022-09-27 20:57:27,5.09
